timestamp,machine_no,machine_name,event,plc,emergency,auto,rssi,snr
2026-09-09 09:29:44,2,Supply Bolt Piston [ML],HEARTBEAT,1,0,0,-101,7.5
2026-09-09 09:29:55,2,Supply Bolt Piston [ML],HEARTBEAT,1,0,0,-102,8.75
2026-09-09 09:30:05,2,Supply Bolt Piston [ML],HEARTBEAT,1,0,0,-101,8.5
2026-09-09 09:30:15,2,Supply Bolt Piston [ML],HEARTBEAT,1,0,0,-100,7.75
2026-09-09 09:30:26,2,Supply Bolt Piston [ML],HEARTBEAT,1,0,0,-102,7.75
2026-09-09 09:30:36,2,Supply Bolt Piston [ML],HEARTBEAT,1,0,0,-100,6
2026-09-09 09:30:47,2,Supply Bolt Piston [ML],HEARTBEAT,1,0,0,-102,8
2026-09-09 09:30:57,2,Supply Bolt Piston [ML],HEARTBEAT,1,0,0,-101,7
2026-09-09 09:31:07,2,Supply Bolt Piston [ML],HEARTBEAT,1,0,0,-102,7.75
2026-09-09 09:31:18,2,Supply Bolt Piston [ML],HEARTBEAT,1,0,0,-101,6.25
2026-09-09 09:31:28,2,Supply Bolt Piston [ML],HEARTBEAT,1,0,0,-102,7
2026-09-09 09:31:39,2,Supply Bolt Piston [ML],HEARTBEAT,1,0,0,-102,7.75
2026-09-09 09:31:49,2,Supply Bolt Piston [ML],HEARTBEAT,1,0,0,-103,8.25
2026-09-09 09:31:59,2,Supply Bolt Piston [ML],HEARTBEAT,1,0,0,-101,6
2026-09-09 09:32:10,2,Supply Bolt Piston [ML],HEARTBEAT,1,0,0,-102,8
2026-09-09 09:32:20,2,Supply Bolt Piston [ML],HEARTBEAT,1,0,0,-103,8.5
2026-09-09 09:32:31,2,Supply Bolt Piston [ML],HEARTBEAT,1,0,0,-102,8.25
2026-09-09 09:32:41,2,Supply Bolt Piston [ML],HEARTBEAT,1,0,0,-101,7.25
2026-09-09 09:32:52,2,Supply Bolt Piston [ML],HEARTBEAT,1,0,0,-103,6.75
2026-09-09 09:33:02,2,Supply Bolt Piston [ML],HEARTBEAT,1,0,0,-102,8.25
2026-09-09 09:33:12,2,Supply Bolt Piston [ML],HEARTBEAT,1,0,0,-102,7.5
2026-09-09 09:33:23,2,Supply Bolt Piston [ML],HEARTBEAT,1,0,0,-101,8.25
2026-09-09 09:33:33,2,Supply Bolt Piston [ML],HEARTBEAT,1,0,0,-103,6.25
2026-09-09 09:33:44,2,Supply Bolt Piston [ML],HEARTBEAT,1,0,0,-99,3.25
2026-09-09 09:33:54,2,Supply Bolt Piston [ML],HEARTBEAT,1,0,0,-101,9
2026-09-09 09:34:04,2,Supply Bolt Piston [ML],HEARTBEAT,1,0,0,-101,8.5
2026-09-09 09:34:15,2,Supply Bolt Piston [ML],HEARTBEAT,1,0,0,-101,7.75
2026-09-09 09:34:25,2,Supply Bolt Piston [ML],HEARTBEAT,1,0,0,-102,8.25
2026-09-09 09:34:36,2,Supply Bolt Piston [ML],HEARTBEAT,1,0,0,-103,8.5
2026-09-09 09:34:46,2,Supply Bolt Piston [ML],HEARTBEAT,1,0,0,-104,7
2026-09-09 09:34:56,2,Supply Bolt Piston [ML],HEARTBEAT,1,0,0,-102,7.75
2026-09-09 09:35:07,2,Supply Bolt Piston [ML],HEARTBEAT,1,0,0,-103,6.25
2026-09-09 09:35:17,2,Supply Bolt Piston [ML],HEARTBEAT,1,0,0,-101,8.5
2026-09-09 09:35:28,2,Supply Bolt Piston [ML],HEARTBEAT,1,0,0,-100,9
2026-09-09 09:35:38,2,Supply Bolt Piston [ML],HEARTBEAT,1,0,0,-100,7.5
2026-09-09 09:35:48,2,Supply Bolt Piston [ML],HEARTBEAT,1,0,0,-101,8.75
2026-09-09 09:35:59,2,Supply Bolt Piston [ML],HEARTBEAT,1,0,0,-101,8.25
2026-09-09 09:36:09,2,Supply Bolt Piston [ML],HEARTBEAT,1,0,0,-101,8.75
2026-09-09 09:36:20,2,Supply Bolt Piston [ML],HEARTBEAT,1,0,0,-101,7.25
2026-09-09 09:36:30,2,Supply Bolt Piston [ML],HEARTBEAT,1,0,0,-102,7.75
2026-09-09 09:36:40,2,Supply Bolt Piston [ML],HEARTBEAT,1,0,0,-102,8.5
2026-09-09 09:36:51,2,Supply Bolt Piston [ML],HEARTBEAT,1,0,0,-103,7
2026-09-09 09:37:01,2,Supply Bolt Piston [ML],HEARTBEAT,1,0,0,-101,8.75
2026-09-09 09:37:12,2,Supply Bolt Piston [ML],HEARTBEAT,1,0,0,-100,7
2026-09-09 09:37:22,2,Supply Bolt Piston [ML],HEARTBEAT,1,0,0,-100,7.5
2026-09-09 09:37:32,2,Supply Bolt Piston [ML],HEARTBEAT,1,0,0,-102,7
2026-09-09 09:37:43,2,Supply Bolt Piston [ML],HEARTBEAT,1,0,0,-102,8.25
2026-09-09 09:37:53,2,Supply Bolt Piston [ML],HEARTBEAT,1,0,0,-102,8.25
2026-09-09 09:38:04,2,Supply Bolt Piston [ML],HEARTBEAT,1,0,0,-100,8.75
2026-09-09 09:38:14,2,Supply Bolt Piston [ML],HEARTBEAT,1,0,0,-100,9
2026-09-09 09:38:24,2,Supply Bolt Piston [ML],HEARTBEAT,1,0,0,-102,5.5
2026-09-09 09:38:35,2,Supply Bolt Piston [ML],HEARTBEAT,1,0,0,-102,6.5
2026-09-09 09:38:45,2,Supply Bolt Piston [ML],HEARTBEAT,1,0,0,-101,8
2026-09-09 09:38:56,2,Supply Bolt Piston [ML],HEARTBEAT,1,0,0,-100,6.25
2026-09-09 09:39:06,2,Supply Bolt Piston [ML],HEARTBEAT,1,0,0,-100,8
2026-09-09 09:39:16,2,Supply Bolt Piston [ML],HEARTBEAT,1,0,0,-101,7.25
2026-09-09 09:39:27,2,Supply Bolt Piston [ML],HEARTBEAT,1,0,0,-103,8.25
2026-09-09 09:39:37,2,Supply Bolt Piston [ML],HEARTBEAT,1,0,0,-100,8.25
2026-09-09 09:39:48,2,Supply Bolt Piston [ML],HEARTBEAT,1,0,0,-102,6.75
2026-09-09 09:39:58,2,Supply Bolt Piston [ML],HEARTBEAT,1,0,0,-101,8.25
2026-09-09 09:40:09,2,Supply Bolt Piston [ML],HEARTBEAT,1,0,0,-101,7.75
2026-09-09 09:40:19,2,Supply Bolt Piston [ML],HEARTBEAT,1,0,0,-101,7
2026-09-09 09:40:29,2,Supply Bolt Piston [ML],HEARTBEAT,1,0,0,-101,8.5
2026-09-09 09:40:40,2,Supply Bolt Piston [ML],HEARTBEAT,1,0,0,-101,8.25
2026-09-09 09:40:50,2,Supply Bolt Piston [ML],HEARTBEAT,1,0,0,-101,8.75
2026-09-09 09:41:01,2,Supply Bolt Piston [ML],HEARTBEAT,1,0,0,-102,7
2026-09-09 09:41:11,2,Supply Bolt Piston [ML],HEARTBEAT,1,0,0,-104,7.5
2026-09-09 09:41:21,2,Supply Bolt Piston [ML],HEARTBEAT,1,0,0,-101,7.5
2026-09-09 09:41:32,2,Supply Bolt Piston [ML],HEARTBEAT,1,0,0,-101,8.75
2026-09-09 09:41:42,2,Supply Bolt Piston [ML],HEARTBEAT,1,0,0,-99,7.75
2026-09-09 09:41:53,2,Supply Bolt Piston [ML],HEARTBEAT,1,0,0,-101,7.25
2026-09-09 09:42:03,2,Supply Bolt Piston [ML],HEARTBEAT,1,0,0,-101,5.5
2026-09-09 09:42:13,2,Supply Bolt Piston [ML],HEARTBEAT,1,0,0,-99,8.75
2026-09-09 09:42:24,2,Supply Bolt Piston [ML],HEARTBEAT,1,0,0,-100,8.75
2026-09-09 09:42:34,2,Supply Bolt Piston [ML],HEARTBEAT,1,0,0,-100,8.75
2026-09-09 09:42:45,2,Supply Bolt Piston [ML],HEARTBEAT,1,0,0,-101,8
2026-09-09 09:42:55,2,Supply Bolt Piston [ML],HEARTBEAT,1,0,0,-101,9
2026-09-09 09:43:05,2,Supply Bolt Piston [ML],HEARTBEAT,1,0,0,-100,8.25
2026-09-09 09:43:16,2,Supply Bolt Piston [ML],HEARTBEAT,1,0,0,-101,7.5
2026-09-09 09:43:26,2,Supply Bolt Piston [ML],HEARTBEAT,1,0,0,-102,7.5
2026-09-09 09:43:37,2,Supply Bolt Piston [ML],HEARTBEAT,1,0,0,-102,8.5
2026-09-09 09:43:47,2,Supply Bolt Piston [ML],HEARTBEAT,1,0,0,-98,7.25
2026-09-09 09:43:57,2,Supply Bolt Piston [ML],HEARTBEAT,1,0,0,-101,8.5
2026-09-09 09:44:08,2,Supply Bolt Piston [ML],HEARTBEAT,1,0,0,-101,5.5
2026-09-09 09:44:18,2,Supply Bolt Piston [ML],HEARTBEAT,1,0,0,-101,8.5
2026-09-09 09:44:29,2,Supply Bolt Piston [ML],HEARTBEAT,1,0,0,-101,7.75
2026-09-09 09:44:39,2,Supply Bolt Piston [ML],HEARTBEAT,1,0,0,-102,7.75
2026-09-09 09:44:49,2,Supply Bolt Piston [ML],HEARTBEAT,1,0,0,-100,8
2026-09-09 09:45:00,2,Supply Bolt Piston [ML],HEARTBEAT,1,0,0,-99,8.75
2026-09-09 09:45:10,2,Supply Bolt Piston [ML],HEARTBEAT,1,0,0,-102,8
2026-09-09 09:45:21,2,Supply Bolt Piston [ML],HEARTBEAT,1,0,0,-103,8
2026-09-09 09:45:31,2,Supply Bolt Piston [ML],HEARTBEAT,1,0,0,-100,5.75
2026-09-09 09:45:41,2,Supply Bolt Piston [ML],HEARTBEAT,1,0,0,-102,8
2026-09-09 09:45:52,2,Supply Bolt Piston [ML],HEARTBEAT,1,0,0,-102,8
2026-09-09 09:46:02,2,Supply Bolt Piston [ML],HEARTBEAT,1,0,0,-101,4
2026-09-09 09:46:13,2,Supply Bolt Piston [ML],HEARTBEAT,1,0,0,-101,7.75
2026-09-09 09:46:23,2,Supply Bolt Piston [ML],HEARTBEAT,1,0,0,-101,8
2026-09-09 09:46:33,2,Supply Bolt Piston [ML],HEARTBEAT,1,0,0,-102,7.5
2026-09-09 09:46:44,2,Supply Bolt Piston [ML],HEARTBEAT,1,0,0,-102,7
2026-09-09 09:46:54,2,Supply Bolt Piston [ML],HEARTBEAT,1,0,0,-101,9.5
2026-09-09 09:47:05,2,Supply Bolt Piston [ML],HEARTBEAT,1,0,0,-101,7
2026-09-09 09:47:15,2,Supply Bolt Piston [ML],HEARTBEAT,1,0,0,-103,6.75
2026-09-09 09:47:26,2,Supply Bolt Piston [ML],HEARTBEAT,1,0,0,-102,8.5
2026-09-09 09:47:36,2,Supply Bolt Piston [ML],HEARTBEAT,1,0,0,-101,8
2026-09-09 09:47:46,2,Supply Bolt Piston [ML],HEARTBEAT,1,0,0,-102,8
2026-09-09 09:47:57,2,Supply Bolt Piston [ML],HEARTBEAT,1,0,0,-97,5
2026-09-09 09:48:07,2,Supply Bolt Piston [ML],HEARTBEAT,1,0,0,-103,7.5
2026-09-09 09:48:18,2,Supply Bolt Piston [ML],HEARTBEAT,1,0,0,-100,8.75
2026-09-09 09:48:28,2,Supply Bolt Piston [ML],HEARTBEAT,1,0,0,-102,8.75
2026-09-09 09:48:38,2,Supply Bolt Piston [ML],HEARTBEAT,1,0,0,-102,6.25
2026-09-09 09:48:49,2,Supply Bolt Piston [ML],HEARTBEAT,1,0,0,-103,8.5
2026-09-09 09:48:59,2,Supply Bolt Piston [ML],HEARTBEAT,1,0,0,-102,8
2026-09-09 09:49:10,2,Supply Bolt Piston [ML],HEARTBEAT,1,0,0,-104,7
2026-09-09 09:49:20,2,Supply Bolt Piston [ML],HEARTBEAT,1,0,0,-103,7
2026-09-09 09:49:30,2,Supply Bolt Piston [ML],HEARTBEAT,1,0,0,-98,3.75
2026-09-09 09:49:41,2,Supply Bolt Piston [ML],HEARTBEAT,1,0,0,-102,7.5
2026-09-09 09:49:51,2,Supply Bolt Piston [ML],HEARTBEAT,1,0,0,-101,8.75
2026-09-09 09:50:02,2,Supply Bolt Piston [ML],HEARTBEAT,1,0,0,-100,7.25
2026-09-09 09:50:12,2,Supply Bolt Piston [ML],HEARTBEAT,1,0,0,-100,8.25
2026-09-09 09:50:22,2,Supply Bolt Piston [ML],HEARTBEAT,1,0,0,-99,6.25
2026-09-09 09:50:33,2,Supply Bolt Piston [ML],HEARTBEAT,1,0,0,-102,8.25
2026-09-09 09:50:43,2,Supply Bolt Piston [ML],HEARTBEAT,1,0,0,-102,8.5
2026-09-09 09:50:54,2,Supply Bolt Piston [ML],HEARTBEAT,1,0,0,-102,5.25
2026-09-09 09:51:04,2,Supply Bolt Piston [ML],HEARTBEAT,1,0,0,-102,6.5
2026-09-09 09:51:14,2,Supply Bolt Piston [ML],HEARTBEAT,1,0,0,-105,7
2026-09-09 09:51:25,2,Supply Bolt Piston [ML],HEARTBEAT,1,0,0,-102,8
2026-09-09 09:51:35,2,Supply Bolt Piston [ML],HEARTBEAT,1,0,0,-102,8.25
2026-09-09 09:51:46,2,Supply Bolt Piston [ML],HEARTBEAT,1,0,0,-103,7.75
2026-09-09 09:51:56,2,Supply Bolt Piston [ML],HEARTBEAT,1,0,0,-103,8
2026-09-09 09:52:06,2,Supply Bolt Piston [ML],HEARTBEAT,1,0,0,-103,6.75
2026-09-09 09:52:17,2,Supply Bolt Piston [ML],HEARTBEAT,1,0,0,-102,8
2026-09-09 09:52:27,2,Supply Bolt Piston [ML],HEARTBEAT,1,0,0,-101,8.5
2026-09-09 09:52:38,2,Supply Bolt Piston [ML],HEARTBEAT,1,0,0,-101,6.75
2026-09-09 09:52:48,2,Supply Bolt Piston [ML],HEARTBEAT,1,0,0,-101,8.5
2026-09-09 09:52:58,2,Supply Bolt Piston [ML],HEARTBEAT,1,0,0,-101,8
2026-09-09 09:53:09,2,Supply Bolt Piston [ML],HEARTBEAT,1,0,0,-101,8
2026-09-09 09:53:19,2,Supply Bolt Piston [ML],HEARTBEAT,1,0,0,-102,8
2026-09-09 09:53:30,2,Supply Bolt Piston [ML],HEARTBEAT,1,0,0,-100,7.75
2026-09-09 09:53:40,2,Supply Bolt Piston [ML],HEARTBEAT,1,0,0,-102,7.75
2026-09-09 09:53:51,2,Supply Bolt Piston [ML],HEARTBEAT,1,0,0,-102,8.5
2026-09-09 09:54:01,2,Supply Bolt Piston [ML],HEARTBEAT,1,0,0,-101,7.5
2026-09-09 09:54:11,2,Supply Bolt Piston [ML],HEARTBEAT,1,0,0,-101,5.25
2026-09-09 09:54:22,2,Supply Bolt Piston [ML],HEARTBEAT,1,0,0,-101,8.25
2026-09-09 09:54:32,2,Supply Bolt Piston [ML],HEARTBEAT,1,0,0,-100,9
2026-09-09 09:54:43,2,Supply Bolt Piston [ML],HEARTBEAT,1,0,0,-101,8.25
2026-09-09 09:54:53,2,Supply Bolt Piston [ML],HEARTBEAT,1,0,0,-101,8.25
2026-09-09 09:55:03,2,Supply Bolt Piston [ML],HEARTBEAT,1,0,0,-101,7.75
2026-09-09 09:55:14,2,Supply Bolt Piston [ML],HEARTBEAT,1,0,0,-99,5.5
2026-09-09 09:55:24,2,Supply Bolt Piston [ML],HEARTBEAT,1,0,0,-102,7.25
2026-09-09 09:55:35,2,Supply Bolt Piston [ML],HEARTBEAT,1,0,0,-100,8.5
2026-09-09 09:55:45,2,Supply Bolt Piston [ML],HEARTBEAT,1,0,0,-101,7
2026-09-09 09:55:55,2,Supply Bolt Piston [ML],HEARTBEAT,1,0,0,-100,5.75
2026-09-09 09:56:06,2,Supply Bolt Piston [ML],HEARTBEAT,1,0,0,-101,7.75
2026-09-09 09:56:16,2,Supply Bolt Piston [ML],HEARTBEAT,1,0,0,-100,9
2026-09-09 09:56:27,2,Supply Bolt Piston [ML],HEARTBEAT,1,0,0,-103,7.5
2026-09-09 09:56:37,2,Supply Bolt Piston [ML],HEARTBEAT,1,0,0,-101,4.75
2026-09-09 09:56:47,2,Supply Bolt Piston [ML],HEARTBEAT,1,0,0,-101,8
2026-09-09 09:56:58,2,Supply Bolt Piston [ML],HEARTBEAT,1,0,0,-102,7.25
2026-09-09 09:57:08,2,Supply Bolt Piston [ML],HEARTBEAT,1,0,0,-102,7.5
2026-09-09 09:57:19,2,Supply Bolt Piston [ML],HEARTBEAT,1,0,0,-101,5.75
2026-09-09 09:57:29,2,Supply Bolt Piston [ML],HEARTBEAT,1,0,0,-100,6.5
2026-09-09 09:57:39,2,Supply Bolt Piston [ML],HEARTBEAT,1,0,0,-101,7.25
2026-09-09 09:57:50,2,Supply Bolt Piston [ML],HEARTBEAT,1,0,0,-102,8.75
2026-09-09 09:58:00,2,Supply Bolt Piston [ML],HEARTBEAT,1,0,0,-100,8.5
2026-09-09 09:58:11,2,Supply Bolt Piston [ML],HEARTBEAT,1,0,0,-102,8.5
2026-09-09 09:58:21,2,Supply Bolt Piston [ML],HEARTBEAT,1,0,0,-101,8.5
2026-09-09 09:58:32,2,Supply Bolt Piston [ML],HEARTBEAT,1,0,0,-100,8
2026-09-09 09:58:42,2,Supply Bolt Piston [ML],HEARTBEAT,1,0,0,-100,8.25
2026-09-09 09:58:52,2,Supply Bolt Piston [ML],HEARTBEAT,1,0,0,-102,8.75
2026-09-09 09:59:03,2,Supply Bolt Piston [ML],HEARTBEAT,1,0,0,-101,9.25
2026-09-09 09:59:13,2,Supply Bolt Piston [ML],HEARTBEAT,1,0,0,-100,6
2026-09-09 09:59:24,2,Supply Bolt Piston [ML],HEARTBEAT,1,0,0,-101,5
2026-09-09 09:59:34,2,Supply Bolt Piston [ML],HEARTBEAT,1,0,0,-101,8.5
2026-09-09 09:59:44,2,Supply Bolt Piston [ML],HEARTBEAT,1,0,0,-101,7.75
2026-09-09 09:59:55,2,Supply Bolt Piston [ML],HEARTBEAT,1,0,0,-100,7
2026-09-09 10:00:05,2,Supply Bolt Piston [ML],HEARTBEAT,1,0,0,-102,7.5
2026-09-09 10:00:16,2,Supply Bolt Piston [ML],HEARTBEAT,1,0,0,-102,7.5
2026-09-09 10:00:26,2,Supply Bolt Piston [ML],HEARTBEAT,1,0,0,-100,6.75
2026-09-09 10:00:36,2,Supply Bolt Piston [ML],HEARTBEAT,1,0,0,-101,7
2026-09-09 10:00:47,2,Supply Bolt Piston [ML],HEARTBEAT,1,0,0,-102,8.25
2026-09-09 10:00:57,2,Supply Bolt Piston [ML],HEARTBEAT,1,0,0,-101,6.25
2026-09-09 10:01:08,2,Supply Bolt Piston [ML],HEARTBEAT,1,0,0,-101,7.25
2026-09-09 10:01:18,2,Supply Bolt Piston [ML],HEARTBEAT,1,0,0,-103,7.75
2026-09-09 10:01:28,2,Supply Bolt Piston [ML],HEARTBEAT,1,0,0,-102,8.25
2026-09-09 10:01:39,2,Supply Bolt Piston [ML],HEARTBEAT,1,0,0,-101,7.5
2026-09-09 10:01:49,2,Supply Bolt Piston [ML],HEARTBEAT,1,0,0,-101,7.75
2026-09-09 10:02:00,2,Supply Bolt Piston [ML],HEARTBEAT,1,0,0,-102,8.25
2026-09-09 10:02:10,2,Supply Bolt Piston [ML],HEARTBEAT,1,0,0,-101,9
2026-09-09 10:02:20,2,Supply Bolt Piston [ML],HEARTBEAT,1,0,0,-101,9
2026-09-09 10:02:31,2,Supply Bolt Piston [ML],HEARTBEAT,1,0,0,-101,7.75
2026-09-09 10:02:41,2,Supply Bolt Piston [ML],HEARTBEAT,1,0,0,-101,8.25
2026-09-09 10:02:52,2,Supply Bolt Piston [ML],HEARTBEAT,1,0,0,-101,7.75
2026-09-09 10:03:02,2,Supply Bolt Piston [ML],HEARTBEAT,1,0,0,-101,8.75
2026-09-09 10:03:12,2,Supply Bolt Piston [ML],HEARTBEAT,1,0,0,-100,7.75
2026-09-09 10:03:23,2,Supply Bolt Piston [ML],HEARTBEAT,1,0,0,-102,8
2026-09-09 10:03:33,2,Supply Bolt Piston [ML],HEARTBEAT,1,0,0,-101,7.75
2026-09-09 10:03:44,2,Supply Bolt Piston [ML],HEARTBEAT,1,0,0,-102,8.5
2026-09-09 10:03:54,2,Supply Bolt Piston [ML],HEARTBEAT,1,0,0,-100,7.5
2026-09-09 10:04:04,2,Supply Bolt Piston [ML],HEARTBEAT,1,0,0,-102,7.5
2026-09-09 10:04:15,2,Supply Bolt Piston [ML],HEARTBEAT,1,0,0,-100,8
2026-09-09 10:04:25,2,Supply Bolt Piston [ML],HEARTBEAT,1,0,0,-101,8.25
2026-09-09 10:04:36,2,Supply Bolt Piston [ML],HEARTBEAT,1,0,0,-102,6.5
2026-09-09 10:04:46,2,Supply Bolt Piston [ML],HEARTBEAT,1,0,0,-101,8.75
2026-09-09 10:04:56,2,Supply Bolt Piston [ML],HEARTBEAT,1,0,0,-100,7.5
2026-09-09 10:05:07,2,Supply Bolt Piston [ML],HEARTBEAT,1,0,0,-101,7.5
2026-09-09 10:05:17,2,Supply Bolt Piston [ML],HEARTBEAT,1,0,0,-97,6.25
2026-09-09 10:05:28,2,Supply Bolt Piston [ML],HEARTBEAT,1,0,0,-102,8.25
2026-09-09 10:05:38,2,Supply Bolt Piston [ML],HEARTBEAT,1,0,0,-101,8.5
2026-09-09 10:05:48,2,Supply Bolt Piston [ML],HEARTBEAT,1,0,0,-101,7.5
2026-09-09 10:05:59,2,Supply Bolt Piston [ML],HEARTBEAT,1,0,0,-99,6.5
2026-09-09 10:06:09,2,Supply Bolt Piston [ML],HEARTBEAT,1,0,0,-102,8.25
2026-09-09 10:06:20,2,Supply Bolt Piston [ML],HEARTBEAT,1,0,0,-101,7
2026-09-09 10:06:30,2,Supply Bolt Piston [ML],HEARTBEAT,1,0,0,-101,7.5
2026-09-09 10:06:40,2,Supply Bolt Piston [ML],HEARTBEAT,1,0,0,-102,7.5
2026-09-09 10:06:51,2,Supply Bolt Piston [ML],HEARTBEAT,1,0,0,-101,7
2026-09-09 10:07:01,2,Supply Bolt Piston [ML],HEARTBEAT,1,0,0,-102,8.75
2026-09-09 10:07:12,2,Supply Bolt Piston [ML],HEARTBEAT,1,0,0,-101,7.75
2026-09-09 10:07:22,2,Supply Bolt Piston [ML],HEARTBEAT,1,0,0,-100,7.25
2026-09-09 10:07:32,2,Supply Bolt Piston [ML],HEARTBEAT,1,0,0,-100,6.25
2026-09-09 10:07:43,2,Supply Bolt Piston [ML],HEARTBEAT,1,0,0,-100,6.25
2026-09-09 10:07:53,2,Supply Bolt Piston [ML],HEARTBEAT,1,0,0,-103,8.25
2026-09-09 10:08:04,2,Supply Bolt Piston [ML],HEARTBEAT,1,0,0,-102,8
2026-09-09 10:08:14,2,Supply Bolt Piston [ML],HEARTBEAT,1,0,0,-102,5
2026-09-09 10:08:25,2,Supply Bolt Piston [ML],HEARTBEAT,1,0,0,-103,7.75
2026-09-09 10:08:35,2,Supply Bolt Piston [ML],HEARTBEAT,1,0,0,-103,8
2026-09-09 10:08:45,2,Supply Bolt Piston [ML],HEARTBEAT,1,0,0,-103,7.5
2026-09-09 10:08:56,2,Supply Bolt Piston [ML],HEARTBEAT,1,0,0,-103,7.25
2026-09-09 10:09:06,2,Supply Bolt Piston [ML],HEARTBEAT,1,0,0,-102,7.75
2026-09-09 10:09:17,2,Supply Bolt Piston [ML],HEARTBEAT,1,0,0,-102,8.25
2026-09-09 10:09:27,2,Supply Bolt Piston [ML],HEARTBEAT,1,0,0,-102,7.5
2026-09-09 10:09:37,2,Supply Bolt Piston [ML],HEARTBEAT,1,0,0,-101,6.75
2026-09-09 10:09:48,2,Supply Bolt Piston [ML],HEARTBEAT,1,0,0,-102,8.25
2026-09-09 10:09:58,2,Supply Bolt Piston [ML],HEARTBEAT,1,0,0,-102,4
2026-09-09 10:10:09,2,Supply Bolt Piston [ML],HEARTBEAT,1,0,0,-103,7.25
2026-09-09 10:10:19,2,Supply Bolt Piston [ML],HEARTBEAT,1,0,0,-103,6.25
2026-09-09 10:10:29,2,Supply Bolt Piston [ML],HEARTBEAT,1,0,0,-102,7
2026-09-09 10:10:40,2,Supply Bolt Piston [ML],HEARTBEAT,1,0,0,-102,7.5
2026-09-09 10:10:50,2,Supply Bolt Piston [ML],HEARTBEAT,1,0,0,-103,8.25
2026-09-09 10:11:01,2,Supply Bolt Piston [ML],HEARTBEAT,1,0,0,-104,7.5
2026-09-09 10:11:11,2,Supply Bolt Piston [ML],HEARTBEAT,1,0,0,-105,7.25
2026-09-09 10:11:21,2,Supply Bolt Piston [ML],HEARTBEAT,1,0,0,-103,4.75
2026-09-09 10:11:32,2,Supply Bolt Piston [ML],HEARTBEAT,1,0,0,-111,0.25
2026-09-09 10:11:42,2,Supply Bolt Piston [ML],HEARTBEAT,1,0,0,-104,7.5
2026-09-09 10:11:53,2,Supply Bolt Piston [ML],HEARTBEAT,1,0,0,-106,5.75
2026-09-09 10:12:03,2,Supply Bolt Piston [ML],HEARTBEAT,1,0,0,-107,5.25
2026-09-09 10:12:13,2,Supply Bolt Piston [ML],HEARTBEAT,1,0,0,-104,6.75
2026-09-09 10:12:24,2,Supply Bolt Piston [ML],HEARTBEAT,1,0,0,-104,7
2026-09-09 10:12:34,2,Supply Bolt Piston [ML],HEARTBEAT,1,0,0,-103,7
2026-09-09 10:12:45,2,Supply Bolt Piston [ML],HEARTBEAT,1,0,0,-106,5.5
2026-09-09 10:12:55,2,Supply Bolt Piston [ML],HEARTBEAT,1,0,0,-105,4.75
2026-09-09 10:13:05,2,Supply Bolt Piston [ML],HEARTBEAT,1,0,0,-108,4.5
2026-09-09 10:13:16,2,Supply Bolt Piston [ML],HEARTBEAT,1,0,0,-106,6.5
2026-09-09 10:13:26,2,Supply Bolt Piston [ML],HEARTBEAT,1,0,0,-106,6.25
2026-09-09 10:13:37,2,Supply Bolt Piston [ML],HEARTBEAT,1,0,0,-105,6.25
2026-09-09 10:13:47,2,Supply Bolt Piston [ML],HEARTBEAT,1,0,0,-106,6.5
2026-09-09 10:13:58,2,Supply Bolt Piston [ML],HEARTBEAT,1,0,0,-108,4.5
2026-09-09 10:14:08,2,Supply Bolt Piston [ML],HEARTBEAT,1,0,0,-108,4.25
2026-09-09 10:14:18,2,Supply Bolt Piston [ML],HEARTBEAT,1,0,0,-109,4.25
2026-09-09 10:14:29,2,Supply Bolt Piston [ML],HEARTBEAT,1,0,0,-112,-0.25
2026-09-09 10:14:39,2,Supply Bolt Piston [ML],HEARTBEAT,1,0,0,-106,3.5
2026-09-09 10:14:50,2,Supply Bolt Piston [ML],HEARTBEAT,1,0,0,-108,4.75
2026-09-09 10:15:00,2,Supply Bolt Piston [ML],HEARTBEAT,1,0,0,-108,-0.25
2026-09-09 10:15:10,2,Supply Bolt Piston [ML],HEARTBEAT,1,0,0,-111,2.5
2026-09-09 10:15:21,2,Supply Bolt Piston [ML],HEARTBEAT,1,0,0,-110,3.25
2026-09-09 10:15:31,2,Supply Bolt Piston [ML],HEARTBEAT,1,0,0,-109,3.25
2026-09-09 10:15:42,2,Supply Bolt Piston [ML],HEARTBEAT,1,0,0,-110,2.75
2026-09-09 10:15:52,2,Supply Bolt Piston [ML],HEARTBEAT,1,0,0,-110,1.75
2026-09-09 10:16:02,2,Supply Bolt Piston [ML],HEARTBEAT,1,0,0,-108,1
2026-09-09 10:16:13,2,Supply Bolt Piston [ML],HEARTBEAT,1,0,0,-106,2
2026-09-09 10:16:23,2,Supply Bolt Piston [ML],HEARTBEAT,1,0,0,-110,3
2026-09-09 10:16:34,2,Supply Bolt Piston [ML],HEARTBEAT,1,0,0,-108,2.25
2026-09-09 10:16:44,2,Supply Bolt Piston [ML],HEARTBEAT,1,0,0,-109,4
2026-09-09 10:16:54,2,Supply Bolt Piston [ML],HEARTBEAT,1,0,0,-105,2
2026-09-09 10:17:05,2,Supply Bolt Piston [ML],HEARTBEAT,1,0,0,-108,4.5
2026-09-09 10:17:15,2,Supply Bolt Piston [ML],HEARTBEAT,1,0,0,-107,5
2026-09-09 10:17:26,2,Supply Bolt Piston [ML],HEARTBEAT,1,0,0,-106,5.5
2026-09-09 10:17:36,2,Supply Bolt Piston [ML],HEARTBEAT,1,0,0,-107,4.5
2026-09-09 10:17:46,2,Supply Bolt Piston [ML],HEARTBEAT,1,0,0,-108,4.75
2026-09-09 10:17:57,2,Supply Bolt Piston [ML],HEARTBEAT,1,0,0,-108,4.5
2026-09-09 10:18:07,2,Supply Bolt Piston [ML],HEARTBEAT,1,0,0,-110,3.25
2026-09-09 10:18:18,2,Supply Bolt Piston [ML],HEARTBEAT,1,0,0,-107,1.5
2026-09-09 10:18:28,2,Supply Bolt Piston [ML],HEARTBEAT,1,0,0,-106,6.75
2026-09-09 10:18:38,2,Supply Bolt Piston [ML],HEARTBEAT,1,0,0,-107,3
2026-09-09 10:18:49,2,Supply Bolt Piston [ML],HEARTBEAT,1,0,0,-108,4.75
2026-09-09 10:18:59,2,Supply Bolt Piston [ML],HEARTBEAT,1,0,0,-108,4
2026-09-09 10:19:10,2,Supply Bolt Piston [ML],HEARTBEAT,1,0,0,-108,4.75
2026-09-09 10:19:20,2,Supply Bolt Piston [ML],HEARTBEAT,1,0,0,-107,4.75
2026-09-09 10:19:30,2,Supply Bolt Piston [ML],HEARTBEAT,1,0,0,-107,5.75
2026-09-09 10:19:41,2,Supply Bolt Piston [ML],HEARTBEAT,1,0,0,-108,4.5
2026-09-09 10:19:51,2,Supply Bolt Piston [ML],HEARTBEAT,1,0,0,-108,5
2026-09-09 10:20:02,2,Supply Bolt Piston [ML],HEARTBEAT,1,0,0,-107,4.5
2026-09-09 10:20:12,2,Supply Bolt Piston [ML],HEARTBEAT,1,0,0,-108,4.5
2026-09-09 10:20:22,2,Supply Bolt Piston [ML],HEARTBEAT,1,0,0,-107,4.75
2026-09-09 10:20:33,2,Supply Bolt Piston [ML],HEARTBEAT,1,0,0,-105,5.75
2026-09-09 10:20:43,2,Supply Bolt Piston [ML],HEARTBEAT,1,0,0,-110,2.5
2026-09-09 10:20:54,2,Supply Bolt Piston [ML],HEARTBEAT,1,0,0,-107,0.75
2026-09-09 10:21:04,2,Supply Bolt Piston [ML],HEARTBEAT,1,0,0,-111,0.75
2026-09-09 10:21:14,2,Supply Bolt Piston [ML],HEARTBEAT,1,0,0,-109,3.25
2026-09-09 10:21:25,2,Supply Bolt Piston [ML],HEARTBEAT,1,0,0,-107,1.5
2026-09-09 10:21:35,2,Supply Bolt Piston [ML],HEARTBEAT,1,0,0,-109,3.75
2026-09-09 10:21:46,2,Supply Bolt Piston [ML],HEARTBEAT,1,0,0,-109,4.25
2026-09-09 10:21:56,2,Supply Bolt Piston [ML],HEARTBEAT,1,0,0,-108,4.75
2026-09-09 10:22:07,2,Supply Bolt Piston [ML],HEARTBEAT,1,0,0,-108,4
2026-09-09 10:22:17,2,Supply Bolt Piston [ML],HEARTBEAT,1,0,0,-109,3
2026-09-09 10:22:27,2,Supply Bolt Piston [ML],HEARTBEAT,1,0,0,-109,2.25
2026-09-09 10:22:38,2,Supply Bolt Piston [ML],HEARTBEAT,1,0,0,-110,3.5
2026-09-09 10:22:48,2,Supply Bolt Piston [ML],HEARTBEAT,1,0,0,-112,-1.5
2026-09-09 10:22:59,2,Supply Bolt Piston [ML],HEARTBEAT,1,0,0,-112,-1
2026-09-09 10:23:09,2,Supply Bolt Piston [ML],HEARTBEAT,1,0,0,-109,2.75
2026-09-09 10:23:19,2,Supply Bolt Piston [ML],HEARTBEAT,1,0,0,-109,2.5
2026-09-09 10:23:30,2,Supply Bolt Piston [ML],HEARTBEAT,1,0,0,-109,1
2026-09-09 10:23:40,2,Supply Bolt Piston [ML],HEARTBEAT,1,0,0,-107,4.25
2026-09-09 10:23:51,2,Supply Bolt Piston [ML],HEARTBEAT,1,0,0,-106,5.25
2026-09-09 10:24:01,2,Supply Bolt Piston [ML],HEARTBEAT,1,0,0,-106,5.5
2026-09-09 10:24:11,2,Supply Bolt Piston [ML],HEARTBEAT,1,0,0,-106,4.25
2026-09-09 10:24:22,2,Supply Bolt Piston [ML],HEARTBEAT,1,0,0,-106,4.25
2026-09-09 10:24:32,2,Supply Bolt Piston [ML],HEARTBEAT,1,0,0,-109,4.25
2026-09-09 10:24:43,2,Supply Bolt Piston [ML],HEARTBEAT,1,0,0,-106,5.5
2026-09-09 10:24:53,2,Supply Bolt Piston [ML],HEARTBEAT,1,0,0,-108,4.75
2026-09-09 10:25:03,2,Supply Bolt Piston [ML],HEARTBEAT,1,0,0,-105,6.25
2026-09-09 10:25:14,2,Supply Bolt Piston [ML],HEARTBEAT,1,0,0,-105,6.25
2026-09-09 10:25:24,2,Supply Bolt Piston [ML],HEARTBEAT,1,0,0,-105,6.25
2026-09-09 10:25:35,2,Supply Bolt Piston [ML],HEARTBEAT,1,0,0,-107,1
2026-09-09 10:25:45,2,Supply Bolt Piston [ML],HEARTBEAT,1,0,0,-107,5.75
2026-09-09 10:25:55,2,Supply Bolt Piston [ML],HEARTBEAT,1,0,0,-106,1.75
2026-09-09 10:26:06,2,Supply Bolt Piston [ML],HEARTBEAT,1,0,0,-107,4.25
2026-09-09 10:26:16,2,Supply Bolt Piston [ML],HEARTBEAT,1,0,0,-105,4.25
2026-09-09 10:26:27,2,Supply Bolt Piston [ML],HEARTBEAT,1,0,0,-107,5.25
2026-09-09 10:26:37,2,Supply Bolt Piston [ML],HEARTBEAT,1,0,0,-109,4.25
2026-09-09 10:26:47,2,Supply Bolt Piston [ML],HEARTBEAT,1,0,0,-105,3.5
2026-09-09 10:26:58,2,Supply Bolt Piston [ML],HEARTBEAT,1,0,0,-109,4
2026-09-09 10:27:08,2,Supply Bolt Piston [ML],HEARTBEAT,1,0,0,-107,6
2026-09-09 10:27:19,2,Supply Bolt Piston [ML],HEARTBEAT,1,0,0,-106,6.5
2026-09-09 10:27:29,2,Supply Bolt Piston [ML],HEARTBEAT,1,0,0,-104,4
2026-09-09 10:27:39,2,Supply Bolt Piston [ML],HEARTBEAT,1,0,0,-104,5.5
2026-09-09 10:27:50,2,Supply Bolt Piston [ML],HEARTBEAT,1,0,0,-106,5
2026-09-09 10:28:00,2,Supply Bolt Piston [ML],HEARTBEAT,1,0,0,-106,5.25
2026-09-09 10:28:11,2,Supply Bolt Piston [ML],HEARTBEAT,1,0,0,-108,4
2026-09-09 10:28:21,2,Supply Bolt Piston [ML],HEARTBEAT,1,0,0,-103,5.25
2026-09-09 10:28:31,2,Supply Bolt Piston [ML],HEARTBEAT,1,0,0,-108,3.25
2026-09-09 10:28:42,2,Supply Bolt Piston [ML],HEARTBEAT,1,0,0,-107,1.75
2026-09-09 10:28:52,2,Supply Bolt Piston [ML],HEARTBEAT,1,0,0,-107,3.75
2026-09-09 10:29:03,2,Supply Bolt Piston [ML],HEARTBEAT,1,0,0,-108,3.25
2026-09-09 10:29:13,2,Supply Bolt Piston [ML],HEARTBEAT,1,0,0,-110,0.75
2026-09-09 10:29:24,2,Supply Bolt Piston [ML],HEARTBEAT,1,0,0,-108,3.5
2026-09-09 10:29:34,2,Supply Bolt Piston [ML],HEARTBEAT,1,0,0,-106,5.25
2026-09-09 10:29:44,2,Supply Bolt Piston [ML],HEARTBEAT,1,0,0,-107,3.75
2026-09-09 10:29:55,2,Supply Bolt Piston [ML],HEARTBEAT,1,0,0,-106,6.75
2026-09-09 10:30:05,2,Supply Bolt Piston [ML],HEARTBEAT,1,0,0,-107,5.75
2026-09-09 10:30:16,2,Supply Bolt Piston [ML],HEARTBEAT,1,0,0,-104,4.75
2026-09-09 10:30:26,2,Supply Bolt Piston [ML],HEARTBEAT,1,0,0,-105,6
2026-09-09 10:30:36,2,Supply Bolt Piston [ML],HEARTBEAT,1,0,0,-104,5
2026-09-09 10:30:47,2,Supply Bolt Piston [ML],HEARTBEAT,1,0,0,-104,6.5
2026-09-09 10:30:57,2,Supply Bolt Piston [ML],HEARTBEAT,1,0,0,-102,6.25
2026-09-09 10:31:08,2,Supply Bolt Piston [ML],HEARTBEAT,1,0,0,-107,5
2026-09-09 10:31:18,2,Supply Bolt Piston [ML],HEARTBEAT,1,0,0,-107,4.25
2026-09-09 10:31:28,2,Supply Bolt Piston [ML],HEARTBEAT,1,0,0,-108,3.25
2026-09-09 10:31:39,2,Supply Bolt Piston [ML],HEARTBEAT,1,0,0,-107,4.25
2026-09-09 10:31:49,2,Supply Bolt Piston [ML],HEARTBEAT,1,0,0,-107,5.5
2026-09-09 10:32:00,2,Supply Bolt Piston [ML],HEARTBEAT,1,0,0,-106,4.75
2026-09-09 10:32:10,2,Supply Bolt Piston [ML],HEARTBEAT,1,0,0,-106,5.5
2026-09-09 10:32:20,2,Supply Bolt Piston [ML],HEARTBEAT,1,0,0,-106,4.5
2026-09-09 10:32:31,2,Supply Bolt Piston [ML],HEARTBEAT,1,0,0,-109,3.75
2026-09-09 10:32:41,2,Supply Bolt Piston [ML],HEARTBEAT,1,0,0,-109,3
2026-09-09 10:32:52,2,Supply Bolt Piston [ML],HEARTBEAT,1,0,0,-110,3
2026-09-09 10:33:02,2,Supply Bolt Piston [ML],HEARTBEAT,1,0,0,-111,0.5
2026-09-09 10:33:12,2,Supply Bolt Piston [ML],HEARTBEAT,1,0,0,-108,0.25
2026-09-09 10:33:23,2,Supply Bolt Piston [ML],HEARTBEAT,1,0,0,-108,4.25
2026-09-09 10:33:33,2,Supply Bolt Piston [ML],HEARTBEAT,1,0,0,-109,3.25
2026-09-09 10:33:44,2,Supply Bolt Piston [ML],HEARTBEAT,1,0,0,-105,6
2026-09-09 10:33:54,2,Supply Bolt Piston [ML],HEARTBEAT,1,0,0,-110,3.5
2026-09-09 10:34:04,2,Supply Bolt Piston [ML],HEARTBEAT,1,0,0,-106,5.25
2026-09-09 10:34:15,2,Supply Bolt Piston [ML],HEARTBEAT,1,0,0,-111,3
2026-09-09 10:34:25,2,Supply Bolt Piston [ML],HEARTBEAT,1,0,0,-109,4
2026-09-09 10:34:36,2,Supply Bolt Piston [ML],HEARTBEAT,1,0,0,-107,1.5
2026-09-09 10:34:46,2,Supply Bolt Piston [ML],HEARTBEAT,1,0,0,-110,2.75
2026-09-09 10:34:56,2,Supply Bolt Piston [ML],HEARTBEAT,1,0,0,-108,1.75
2026-09-09 10:35:07,2,Supply Bolt Piston [ML],HEARTBEAT,1,0,0,-109,3.75
2026-09-09 10:35:17,2,Supply Bolt Piston [ML],HEARTBEAT,1,0,0,-108,3.75
2026-09-09 10:35:28,2,Supply Bolt Piston [ML],HEARTBEAT,1,0,0,-108,4.25
2026-09-09 10:35:38,2,Supply Bolt Piston [ML],HEARTBEAT,1,0,0,-115,-3.75
2026-09-09 10:35:49,2,Supply Bolt Piston [ML],HEARTBEAT,1,0,0,-112,0
2026-09-09 10:35:59,2,Supply Bolt Piston [ML],HEARTBEAT,1,0,0,-105,5.5
2026-09-09 10:36:09,2,Supply Bolt Piston [ML],HEARTBEAT,1,0,0,-106,5
2026-09-09 10:36:20,2,Supply Bolt Piston [ML],HEARTBEAT,1,0,0,-108,5
2026-09-09 10:36:30,2,Supply Bolt Piston [ML],HEARTBEAT,1,0,0,-104,6.75
2026-09-09 10:36:41,2,Supply Bolt Piston [ML],HEARTBEAT,1,0,0,-105,6.75
2026-09-09 10:36:51,2,Supply Bolt Piston [ML],HEARTBEAT,1,0,0,-107,4.5
2026-09-09 10:37:01,2,Supply Bolt Piston [ML],HEARTBEAT,1,0,0,-106,4.75
2026-09-09 10:37:12,2,Supply Bolt Piston [ML],HEARTBEAT,1,0,0,-106,5
2026-09-09 10:37:22,2,Supply Bolt Piston [ML],HEARTBEAT,1,0,0,-108,5
2026-09-09 10:37:33,2,Supply Bolt Piston [ML],HEARTBEAT,1,0,0,-106,5.25
2026-09-09 10:37:43,2,Supply Bolt Piston [ML],HEARTBEAT,1,0,0,-105,5.25
2026-09-09 10:37:53,2,Supply Bolt Piston [ML],HEARTBEAT,1,0,0,-107,4.75
2026-09-09 10:38:04,2,Supply Bolt Piston [ML],HEARTBEAT,1,0,0,-107,5.75
2026-09-09 10:38:14,2,Supply Bolt Piston [ML],HEARTBEAT,1,0,0,-107,5
2026-09-09 10:38:25,2,Supply Bolt Piston [ML],HEARTBEAT,1,0,0,-106,4.75
2026-09-09 10:38:35,2,Supply Bolt Piston [ML],HEARTBEAT,1,0,0,-106,3.75
2026-09-09 10:38:45,2,Supply Bolt Piston [ML],HEARTBEAT,1,0,0,-112,0.25
2026-09-09 10:38:56,2,Supply Bolt Piston [ML],HEARTBEAT,1,0,0,-111,-1.75
2026-09-09 10:39:06,2,Supply Bolt Piston [ML],HEARTBEAT,1,0,0,-113,0.5
2026-09-09 10:39:17,2,Supply Bolt Piston [ML],HEARTBEAT,1,0,0,-111,1.5
2026-09-09 10:39:27,2,Supply Bolt Piston [ML],HEARTBEAT,1,0,0,-111,2
2026-09-09 10:39:37,2,Supply Bolt Piston [ML],HEARTBEAT,1,0,0,-109,2
2026-09-09 10:39:48,2,Supply Bolt Piston [ML],HEARTBEAT,1,0,0,-111,2
2026-09-09 10:39:58,2,Supply Bolt Piston [ML],HEARTBEAT,1,0,0,-112,2
2026-09-09 10:40:09,2,Supply Bolt Piston [ML],HEARTBEAT,1,0,0,-105,3.25
2026-09-09 10:40:19,2,Supply Bolt Piston [ML],HEARTBEAT,1,0,0,-110,3.5
2026-09-09 10:40:29,2,Supply Bolt Piston [ML],HEARTBEAT,1,0,0,-109,3.25
2026-09-09 10:40:40,2,Supply Bolt Piston [ML],HEARTBEAT,1,0,0,-110,3
2026-09-09 10:40:50,2,Supply Bolt Piston [ML],HEARTBEAT,1,0,0,-109,1.75
2026-09-09 10:41:01,2,Supply Bolt Piston [ML],HEARTBEAT,1,0,0,-107,4
2026-09-09 10:41:11,2,Supply Bolt Piston [ML],HEARTBEAT,1,0,0,-109,3.5
2026-09-09 10:41:21,2,Supply Bolt Piston [ML],HEARTBEAT,1,0,0,-113,0
2026-09-09 10:41:32,2,Supply Bolt Piston [ML],HEARTBEAT,1,0,0,-105,3.5
2026-09-09 10:41:42,2,Supply Bolt Piston [ML],HEARTBEAT,1,0,0,-108,4.25
2026-09-09 10:41:53,2,Supply Bolt Piston [ML],HEARTBEAT,1,0,0,-107,6.25
2026-09-09 10:42:03,2,Supply Bolt Piston [ML],HEARTBEAT,1,0,0,-112,0.75
2026-09-09 10:42:13,2,Supply Bolt Piston [ML],HEARTBEAT,1,0,0,-108,3.75
2026-09-09 10:42:24,2,Supply Bolt Piston [ML],HEARTBEAT,1,0,0,-106,4
2026-09-09 10:42:34,2,Supply Bolt Piston [ML],HEARTBEAT,1,0,0,-106,5
2026-09-09 10:42:45,2,Supply Bolt Piston [ML],HEARTBEAT,1,0,0,-110,3.5
2026-09-09 10:42:55,2,Supply Bolt Piston [ML],HEARTBEAT,1,0,0,-108,3.75
2026-09-09 10:43:06,2,Supply Bolt Piston [ML],HEARTBEAT,1,0,0,-107,4
2026-09-09 10:43:16,2,Supply Bolt Piston [ML],HEARTBEAT,1,0,0,-110,3.5
2026-09-09 10:43:26,2,Supply Bolt Piston [ML],HEARTBEAT,1,0,0,-112,1.25
2026-09-09 10:43:37,2,Supply Bolt Piston [ML],HEARTBEAT,1,0,0,-111,-0.25
2026-09-09 10:43:47,2,Supply Bolt Piston [ML],HEARTBEAT,1,0,0,-116,-2.75
2026-09-09 10:43:58,2,Supply Bolt Piston [ML],HEARTBEAT,1,0,0,-113,1
2026-09-09 10:44:08,2,Supply Bolt Piston [ML],HEARTBEAT,1,0,0,-107,3
2026-09-09 10:44:18,2,Supply Bolt Piston [ML],HEARTBEAT,1,0,0,-109,2.75
2026-09-09 10:44:29,2,Supply Bolt Piston [ML],HEARTBEAT,1,0,0,-110,3
2026-09-09 10:44:50,2,Supply Bolt Piston [ML],HEARTBEAT,1,0,0,-109,4.25
2026-09-09 10:45:00,2,Supply Bolt Piston [ML],HEARTBEAT,1,0,0,-108,2.5
2026-09-09 10:45:10,2,Supply Bolt Piston [ML],HEARTBEAT,1,0,0,-106,2
2026-09-09 10:45:21,2,Supply Bolt Piston [ML],HEARTBEAT,1,0,0,-107,4.75
2026-09-09 10:45:31,2,Supply Bolt Piston [ML],HEARTBEAT,1,0,0,-107,4.5
2026-09-09 10:45:42,2,Supply Bolt Piston [ML],HEARTBEAT,1,0,0,-102,1.75
2026-09-09 10:45:52,2,Supply Bolt Piston [ML],HEARTBEAT,1,0,0,-106,4.5
2026-09-09 10:46:02,2,Supply Bolt Piston [ML],HEARTBEAT,1,0,0,-104,5.25
2026-09-09 10:46:13,2,Supply Bolt Piston [ML],HEARTBEAT,1,0,0,-108,4.25
2026-09-09 10:46:23,2,Supply Bolt Piston [ML],HEARTBEAT,1,0,0,-106,4.75
2026-09-09 10:46:34,2,Supply Bolt Piston [ML],HEARTBEAT,1,0,0,-105,6.75
2026-09-09 10:46:44,2,Supply Bolt Piston [ML],HEARTBEAT,1,0,0,-106,6.5
2026-09-09 10:46:54,2,Supply Bolt Piston [ML],HEARTBEAT,1,0,0,-105,6.25
2026-09-09 10:47:05,2,Supply Bolt Piston [ML],HEARTBEAT,1,0,0,-108,4.25
2026-09-09 10:47:15,2,Supply Bolt Piston [ML],HEARTBEAT,1,0,0,-103,7.25
2026-09-09 10:47:26,2,Supply Bolt Piston [ML],HEARTBEAT,1,0,0,-105,5.25
2026-09-09 10:47:36,2,Supply Bolt Piston [ML],HEARTBEAT,1,0,0,-105,5.5
2026-09-09 10:47:57,2,Supply Bolt Piston [ML],HEARTBEAT,1,0,0,-105,5.5
2026-09-09 10:48:07,2,Supply Bolt Piston [ML],HEARTBEAT,1,0,0,-112,0
2026-09-09 10:48:18,2,Supply Bolt Piston [ML],HEARTBEAT,1,0,0,-112,-2.5
2026-09-09 10:48:28,2,Supply Bolt Piston [ML],HEARTBEAT,1,0,0,-108,3.5
2026-09-09 10:48:38,2,Supply Bolt Piston [ML],HEARTBEAT,1,0,0,-107,4
2026-09-09 10:48:49,2,Supply Bolt Piston [ML],HEARTBEAT,1,0,0,-107,6.25
2026-09-09 10:48:59,2,Supply Bolt Piston [ML],HEARTBEAT,1,0,0,-106,3
2026-09-09 10:49:10,2,Supply Bolt Piston [ML],HEARTBEAT,1,0,0,-104,6
2026-09-09 10:49:20,2,Supply Bolt Piston [ML],HEARTBEAT,1,0,0,-104,1.75
2026-09-09 10:49:30,2,Supply Bolt Piston [ML],HEARTBEAT,1,0,0,-111,2
2026-09-09 10:49:41,2,Supply Bolt Piston [ML],HEARTBEAT,1,0,0,-108,1.25
2026-09-09 10:49:51,2,Supply Bolt Piston [ML],HEARTBEAT,1,0,0,-107,5.5
2026-09-09 10:50:02,2,Supply Bolt Piston [ML],HEARTBEAT,1,0,0,-107,5.5
2026-09-09 10:50:12,2,Supply Bolt Piston [ML],HEARTBEAT,1,0,0,-108,4
2026-09-09 10:50:23,2,Supply Bolt Piston [ML],HEARTBEAT,1,0,0,-110,2.75
2026-09-09 10:50:33,2,Supply Bolt Piston [ML],HEARTBEAT,1,0,0,-111,2.25
2026-09-09 10:50:43,2,Supply Bolt Piston [ML],HEARTBEAT,1,0,0,-105,6.5
2026-09-09 10:50:54,2,Supply Bolt Piston [ML],HEARTBEAT,1,0,0,-106,5.5
2026-09-09 10:51:04,2,Supply Bolt Piston [ML],HEARTBEAT,1,0,0,-109,2.25
2026-09-09 10:51:15,2,Supply Bolt Piston [ML],HEARTBEAT,1,0,0,-114,-0.5
2026-09-09 10:51:25,2,Supply Bolt Piston [ML],HEARTBEAT,1,0,0,-110,1.75
2026-09-09 10:51:35,2,Supply Bolt Piston [ML],HEARTBEAT,1,0,0,-111,1.75
2026-09-09 10:51:46,2,Supply Bolt Piston [ML],HEARTBEAT,1,0,0,-109,1.5
2026-09-09 10:51:56,2,Supply Bolt Piston [ML],HEARTBEAT,1,0,0,-112,-0.5
2026-09-09 10:52:07,2,Supply Bolt Piston [ML],HEARTBEAT,1,0,0,-116,-3
2026-09-09 10:52:17,2,Supply Bolt Piston [ML],HEARTBEAT,1,0,0,-113,0.5
2026-09-09 10:52:27,2,Supply Bolt Piston [ML],HEARTBEAT,1,0,0,-112,-1.5
2026-09-09 10:52:38,2,Supply Bolt Piston [ML],HEARTBEAT,1,0,0,-108,3.75
2026-09-09 10:52:48,2,Supply Bolt Piston [ML],HEARTBEAT,1,0,0,-108,4.75
2026-09-09 10:52:59,2,Supply Bolt Piston [ML],HEARTBEAT,1,0,0,-108,5
2026-09-09 10:53:09,2,Supply Bolt Piston [ML],HEARTBEAT,1,0,0,-108,5.25
2026-09-09 10:53:19,2,Supply Bolt Piston [ML],HEARTBEAT,1,0,0,-107,5
2026-09-09 10:53:30,2,Supply Bolt Piston [ML],HEARTBEAT,1,0,0,-110,0.25
2026-09-09 10:53:40,2,Supply Bolt Piston [ML],HEARTBEAT,1,0,0,-108,3.75
2026-09-09 10:53:51,2,Supply Bolt Piston [ML],HEARTBEAT,1,0,0,-103,2.5
2026-09-09 10:54:01,2,Supply Bolt Piston [ML],HEARTBEAT,1,0,0,-109,4
2026-09-09 10:54:11,2,Supply Bolt Piston [ML],HEARTBEAT,1,0,0,-114,-0.25
2026-09-09 10:54:22,2,Supply Bolt Piston [ML],HEARTBEAT,1,0,0,-104,5
2026-09-09 10:54:34,2,Supply Bolt Piston [ML],HEARTBEAT,1,0,0,-112,-0.5
2026-09-09 10:54:44,2,Supply Bolt Piston [ML],HEARTBEAT,1,0,0,-116,-2.75
2026-09-09 10:54:55,2,Supply Bolt Piston [ML],HEARTBEAT,1,0,0,-114,-0.25
2026-09-09 10:55:05,2,Supply Bolt Piston [ML],HEARTBEAT,1,0,0,-110,0
2026-09-09 10:55:15,2,Supply Bolt Piston [ML],HEARTBEAT,1,0,0,-116,-3.5
2026-09-09 10:55:26,2,Supply Bolt Piston [ML],HEARTBEAT,1,0,0,-110,3.25
2026-09-09 10:55:36,2,Supply Bolt Piston [ML],HEARTBEAT,1,0,0,-110,1.25
2026-09-09 10:55:47,2,Supply Bolt Piston [ML],HEARTBEAT,1,0,0,-111,1
2026-09-09 10:55:57,2,Supply Bolt Piston [ML],HEARTBEAT,1,0,0,-114,-1.25
2026-09-09 10:56:07,2,Supply Bolt Piston [ML],HEARTBEAT,1,0,0,-115,-2.25
2026-09-09 10:56:18,2,Supply Bolt Piston [ML],HEARTBEAT,1,0,0,-117,-5
2026-09-09 10:56:39,2,Supply Bolt Piston [ML],HEARTBEAT,1,0,0,-112,0
2026-09-09 10:56:49,2,Supply Bolt Piston [ML],HEARTBEAT,1,0,0,-116,-2.75
2026-09-09 10:57:20,2,Supply Bolt Piston [ML],HEARTBEAT,1,0,0,-122,-8.5
2026-09-09 10:57:31,2,Supply Bolt Piston [ML],HEARTBEAT,1,0,0,-116,-3.75
2026-09-09 10:57:41,2,Supply Bolt Piston [ML],HEARTBEAT,1,0,0,-113,0.75
2026-09-09 10:57:52,2,Supply Bolt Piston [ML],HEARTBEAT,1,0,0,-111,1
2026-09-09 10:58:02,2,Supply Bolt Piston [ML],HEARTBEAT,1,0,0,-109,3.5
2026-09-09 10:58:12,2,Supply Bolt Piston [ML],HEARTBEAT,1,0,0,-108,3
2026-09-09 10:58:23,2,Supply Bolt Piston [ML],HEARTBEAT,1,0,0,-111,1.25
2026-09-09 10:58:33,2,Supply Bolt Piston [ML],HEARTBEAT,1,0,0,-113,-1.25
2026-09-09 10:58:44,2,Supply Bolt Piston [ML],HEARTBEAT,1,0,0,-110,2
2026-09-09 10:58:54,2,Supply Bolt Piston [ML],HEARTBEAT,1,0,0,-109,2.25
2026-09-09 10:59:04,2,Supply Bolt Piston [ML],HEARTBEAT,1,0,0,-114,-3
2026-09-09 10:59:15,2,Supply Bolt Piston [ML],HEARTBEAT,1,0,0,-122,-8.25
2026-09-09 10:59:25,2,Supply Bolt Piston [ML],HEARTBEAT,1,0,0,-113,-0.75
2026-09-09 10:59:36,2,Supply Bolt Piston [ML],HEARTBEAT,1,0,0,-117,-7.75
2026-09-09 10:59:46,2,Supply Bolt Piston [ML],HEARTBEAT,1,0,0,-120,-6.75
2026-09-09 10:59:56,2,Supply Bolt Piston [ML],HEARTBEAT,1,0,0,-118,-4.25
2026-09-09 11:00:07,2,Supply Bolt Piston [ML],HEARTBEAT,1,0,0,-118,-5.5
2026-09-09 11:00:17,2,Supply Bolt Piston [ML],HEARTBEAT,1,0,0,-118,-6.5
2026-09-09 11:00:28,2,Supply Bolt Piston [ML],HEARTBEAT,1,0,0,-117,-4.25
2026-09-09 11:00:38,2,Supply Bolt Piston [ML],HEARTBEAT,1,0,0,-124,-10.75
2026-09-09 11:00:48,2,Supply Bolt Piston [ML],HEARTBEAT,1,0,0,-119,-8.75
2026-09-09 11:00:59,2,Supply Bolt Piston [ML],HEARTBEAT,1,0,0,-110,1.5
2026-09-09 11:01:09,2,Supply Bolt Piston [ML],HEARTBEAT,1,0,0,-111,1.75
2026-09-09 11:01:20,2,Supply Bolt Piston [ML],HEARTBEAT,1,0,0,-114,-1.5
2026-09-09 11:01:30,2,Supply Bolt Piston [ML],HEARTBEAT,1,0,0,-117,-4.75
2026-09-09 11:01:40,2,Supply Bolt Piston [ML],HEARTBEAT,1,0,0,-112,-0.25
2026-09-09 11:01:51,2,Supply Bolt Piston [ML],HEARTBEAT,1,0,0,-110,1.25
2026-09-09 11:02:01,2,Supply Bolt Piston [ML],HEARTBEAT,1,0,0,-111,1.75
2026-09-09 11:02:12,2,Supply Bolt Piston [ML],HEARTBEAT,1,0,0,-114,-0.25
2026-09-09 11:02:22,2,Supply Bolt Piston [ML],HEARTBEAT,1,0,0,-110,1.75
2026-09-09 11:02:32,2,Supply Bolt Piston [ML],HEARTBEAT,1,0,0,-116,-2.5
2026-09-09 11:02:43,2,Supply Bolt Piston [ML],HEARTBEAT,1,0,0,-111,-2.5
2026-09-09 11:02:53,2,Supply Bolt Piston [ML],HEARTBEAT,1,0,0,-109,3
2026-09-09 11:03:04,2,Supply Bolt Piston [ML],HEARTBEAT,1,0,0,-108,3.25
2026-09-09 11:03:14,2,Supply Bolt Piston [ML],HEARTBEAT,1,0,0,-110,2.25
2026-09-09 11:03:24,2,Supply Bolt Piston [ML],HEARTBEAT,1,0,0,-112,0.75
2026-09-09 11:03:35,2,Supply Bolt Piston [ML],HEARTBEAT,1,0,0,-108,2.25
2026-09-09 11:03:45,2,Supply Bolt Piston [ML],HEARTBEAT,1,0,0,-113,-0.5
2026-09-09 11:03:56,2,Supply Bolt Piston [ML],HEARTBEAT,1,0,0,-106,6.25
2026-09-09 11:04:06,2,Supply Bolt Piston [ML],HEARTBEAT,1,0,0,-107,4.75
2026-09-09 11:04:17,2,Supply Bolt Piston [ML],HEARTBEAT,1,0,0,-104,5.5
2026-09-09 11:04:27,2,Supply Bolt Piston [ML],HEARTBEAT,1,0,0,-109,4.25
2026-09-09 11:04:37,2,Supply Bolt Piston [ML],HEARTBEAT,1,0,0,-108,4.25
2026-09-09 11:04:48,2,Supply Bolt Piston [ML],HEARTBEAT,1,0,0,-108,4.25
2026-09-09 11:04:58,2,Supply Bolt Piston [ML],HEARTBEAT,1,0,0,-106,6.5
2026-09-09 11:05:09,2,Supply Bolt Piston [ML],HEARTBEAT,1,0,0,-106,4.5
2026-09-09 11:05:19,2,Supply Bolt Piston [ML],HEARTBEAT,1,0,0,-107,5
2026-09-09 11:05:29,2,Supply Bolt Piston [ML],HEARTBEAT,1,0,0,-105,6.25
2026-09-09 11:05:40,2,Supply Bolt Piston [ML],HEARTBEAT,1,0,0,-108,4.25
2026-09-09 11:05:50,2,Supply Bolt Piston [ML],HEARTBEAT,1,0,0,-108,3
2026-09-09 11:06:01,2,Supply Bolt Piston [ML],HEARTBEAT,1,0,0,-106,5.25
2026-09-09 11:06:11,2,Supply Bolt Piston [ML],HEARTBEAT,1,0,0,-105,6.25
2026-09-09 11:06:21,2,Supply Bolt Piston [ML],HEARTBEAT,1,0,0,-107,3.75
2026-09-09 11:06:32,2,Supply Bolt Piston [ML],HEARTBEAT,1,0,0,-106,6.5
2026-09-09 11:06:42,2,Supply Bolt Piston [ML],HEARTBEAT,1,0,0,-108,4
2026-09-09 11:06:53,2,Supply Bolt Piston [ML],HEARTBEAT,1,0,0,-110,1
2026-09-09 11:07:03,2,Supply Bolt Piston [ML],HEARTBEAT,1,0,0,-110,1.5
2026-09-09 11:07:13,2,Supply Bolt Piston [ML],HEARTBEAT,1,0,0,-109,4.25
2026-09-09 11:07:24,2,Supply Bolt Piston [ML],HEARTBEAT,1,0,0,-106,2.5
2026-09-09 11:07:34,2,Supply Bolt Piston [ML],HEARTBEAT,1,0,0,-112,-0.25
2026-09-09 11:07:45,2,Supply Bolt Piston [ML],HEARTBEAT,1,0,0,-110,3.25
2026-09-09 11:07:55,2,Supply Bolt Piston [ML],HEARTBEAT,1,0,0,-109,3.75
2026-09-09 11:08:05,2,Supply Bolt Piston [ML],HEARTBEAT,1,0,0,-107,3.5
2026-09-09 11:08:16,2,Supply Bolt Piston [ML],HEARTBEAT,1,0,0,-107,1.25
2026-09-09 11:08:26,2,Supply Bolt Piston [ML],HEARTBEAT,1,0,0,-108,4.75
2026-09-09 11:08:37,2,Supply Bolt Piston [ML],HEARTBEAT,1,0,0,-106,5.5
2026-09-09 11:08:47,2,Supply Bolt Piston [ML],HEARTBEAT,1,0,0,-105,6
2026-09-09 11:08:57,2,Supply Bolt Piston [ML],HEARTBEAT,1,0,0,-106,4.5
2026-09-09 11:09:08,2,Supply Bolt Piston [ML],HEARTBEAT,1,0,0,-106,4.75
2026-09-09 11:09:18,2,Supply Bolt Piston [ML],HEARTBEAT,1,0,0,-105,6.5
2026-09-09 11:09:29,2,Supply Bolt Piston [ML],HEARTBEAT,1,0,0,-107,5.25
2026-09-09 11:09:39,2,Supply Bolt Piston [ML],HEARTBEAT,1,0,0,-106,6
2026-09-09 11:09:49,2,Supply Bolt Piston [ML],HEARTBEAT,1,0,0,-105,3.75
2026-09-09 11:10:00,2,Supply Bolt Piston [ML],HEARTBEAT,1,0,0,-101,1.75
2026-09-09 11:10:10,2,Supply Bolt Piston [ML],HEARTBEAT,1,0,0,-107,4.25
2026-09-09 11:10:21,2,Supply Bolt Piston [ML],HEARTBEAT,1,0,0,-115,-2
2026-09-09 11:10:31,2,Supply Bolt Piston [ML],HEARTBEAT,1,0,0,-110,2.75
2026-09-09 11:10:41,2,Supply Bolt Piston [ML],HEARTBEAT,1,0,0,-106,6
2026-09-09 11:10:52,2,Supply Bolt Piston [ML],HEARTBEAT,1,0,0,-107,4.75
2026-09-09 11:11:02,2,Supply Bolt Piston [ML],HEARTBEAT,1,0,0,-107,5
2026-09-09 11:11:13,2,Supply Bolt Piston [ML],HEARTBEAT,1,0,0,-107,4
2026-09-09 11:11:23,2,Supply Bolt Piston [ML],HEARTBEAT,1,0,0,-106,5
2026-09-09 11:11:34,2,Supply Bolt Piston [ML],HEARTBEAT,1,0,0,-107,4.5
2026-09-09 11:11:44,2,Supply Bolt Piston [ML],HEARTBEAT,1,0,0,-104,7.25
2026-09-09 11:11:54,2,Supply Bolt Piston [ML],HEARTBEAT,1,0,0,-107,5.25
2026-09-09 11:12:05,2,Supply Bolt Piston [ML],HEARTBEAT,1,0,0,-112,-2
2026-09-09 11:12:15,2,Supply Bolt Piston [ML],HEARTBEAT,1,0,0,-108,-1.75
2026-09-09 11:12:26,2,Supply Bolt Piston [ML],HEARTBEAT,1,0,0,-112,-1.75
2026-09-09 11:12:36,2,Supply Bolt Piston [ML],HEARTBEAT,1,0,0,-106,4.5
2026-09-09 11:12:46,2,Supply Bolt Piston [ML],HEARTBEAT,1,0,0,-111,1.5
2026-09-09 11:12:57,2,Supply Bolt Piston [ML],HEARTBEAT,1,0,0,-109,2.75
2026-09-09 11:13:07,2,Supply Bolt Piston [ML],HEARTBEAT,1,0,0,-112,1.75
2026-09-09 11:13:18,2,Supply Bolt Piston [ML],HEARTBEAT,1,0,0,-113,-0.25
2026-09-09 11:13:28,2,Supply Bolt Piston [ML],HEARTBEAT,1,0,0,-113,-1
2026-09-09 11:13:38,2,Supply Bolt Piston [ML],HEARTBEAT,1,0,0,-109,3.25
2026-09-09 11:13:49,2,Supply Bolt Piston [ML],HEARTBEAT,1,0,0,-115,-2.25
2026-09-09 11:13:59,2,Supply Bolt Piston [ML],HEARTBEAT,1,0,0,-112,0
2026-09-09 11:14:10,2,Supply Bolt Piston [ML],HEARTBEAT,1,0,0,-114,-5
2026-09-09 11:14:20,2,Supply Bolt Piston [ML],HEARTBEAT,1,0,0,-114,-0.75
2026-09-09 11:14:30,2,Supply Bolt Piston [ML],HEARTBEAT,1,0,0,-109,1.75
2026-09-09 11:14:41,2,Supply Bolt Piston [ML],HEARTBEAT,1,0,0,-105,6
2026-09-09 11:14:51,2,Supply Bolt Piston [ML],HEARTBEAT,1,0,0,-106,4.5
2026-09-09 11:15:02,2,Supply Bolt Piston [ML],HEARTBEAT,1,0,0,-108,3.75
2026-09-09 11:15:12,2,Supply Bolt Piston [ML],HEARTBEAT,1,0,0,-107,3
2026-09-09 11:15:22,2,Supply Bolt Piston [ML],HEARTBEAT,1,0,0,-109,3.5
2026-09-09 11:15:33,2,Supply Bolt Piston [ML],HEARTBEAT,1,0,0,-112,-1
2026-09-09 11:15:43,2,Supply Bolt Piston [ML],HEARTBEAT,1,0,0,-112,-3.25
2026-09-09 11:15:54,2,Supply Bolt Piston [ML],HEARTBEAT,1,0,0,-107,1.5
2026-09-09 11:16:04,2,Supply Bolt Piston [ML],HEARTBEAT,1,0,0,-108,4.75
2026-09-09 11:16:14,2,Supply Bolt Piston [ML],HEARTBEAT,1,0,0,-107,3.25
2026-09-09 11:16:25,2,Supply Bolt Piston [ML],HEARTBEAT,1,0,0,-108,4
2026-09-09 11:16:35,2,Supply Bolt Piston [ML],HEARTBEAT,1,0,0,-109,3.25
2026-09-09 11:16:46,2,Supply Bolt Piston [ML],HEARTBEAT,1,0,0,-108,4
2026-09-09 11:16:56,2,Supply Bolt Piston [ML],HEARTBEAT,1,0,0,-111,1.75
2026-09-09 11:17:06,2,Supply Bolt Piston [ML],HEARTBEAT,1,0,0,-109,1.25
2026-09-09 11:17:17,2,Supply Bolt Piston [ML],HEARTBEAT,1,0,0,-114,-3.25
2026-09-09 11:17:27,2,Supply Bolt Piston [ML],HEARTBEAT,1,0,0,-110,2.5
2026-09-09 11:17:38,2,Supply Bolt Piston [ML],HEARTBEAT,1,0,0,-111,1.5
2026-09-09 11:17:48,2,Supply Bolt Piston [ML],HEARTBEAT,1,0,0,-112,0.75
2026-09-09 11:17:58,2,Supply Bolt Piston [ML],HEARTBEAT,1,0,0,-116,-5.5
2026-09-09 11:18:09,2,Supply Bolt Piston [ML],HEARTBEAT,1,0,0,-113,0.25
2026-09-09 11:18:19,2,Supply Bolt Piston [ML],HEARTBEAT,1,0,0,-110,2.75
2026-09-09 11:18:30,2,Supply Bolt Piston [ML],HEARTBEAT,1,0,0,-108,4.5
2026-09-09 11:18:40,2,Supply Bolt Piston [ML],HEARTBEAT,1,0,0,-110,-1.5
2026-09-09 11:18:51,2,Supply Bolt Piston [ML],HEARTBEAT,1,0,0,-104,4.25
2026-09-09 11:19:01,2,Supply Bolt Piston [ML],HEARTBEAT,1,0,0,-108,4
2026-09-09 11:19:11,2,Supply Bolt Piston [ML],HEARTBEAT,1,0,0,-107,4
2026-09-09 11:19:22,2,Supply Bolt Piston [ML],HEARTBEAT,1,0,0,-111,0.75
2026-09-09 11:19:32,2,Supply Bolt Piston [ML],HEARTBEAT,1,0,0,-107,6
2026-09-09 11:19:43,2,Supply Bolt Piston [ML],HEARTBEAT,1,0,0,-106,5.25
2026-09-09 11:19:53,2,Supply Bolt Piston [ML],HEARTBEAT,1,0,0,-109,2.75
2026-09-09 11:20:03,2,Supply Bolt Piston [ML],HEARTBEAT,1,0,0,-110,2
2026-09-09 11:20:14,2,Supply Bolt Piston [ML],HEARTBEAT,1,0,0,-107,1
2026-09-09 11:20:24,2,Supply Bolt Piston [ML],HEARTBEAT,1,0,0,-103,6
2026-09-09 11:20:35,2,Supply Bolt Piston [ML],HEARTBEAT,1,0,0,-109,3
2026-09-09 11:20:45,2,Supply Bolt Piston [ML],HEARTBEAT,1,0,0,-106,5.25
2026-09-09 11:20:55,2,Supply Bolt Piston [ML],HEARTBEAT,1,0,0,-109,3.5
2026-09-09 11:21:06,2,Supply Bolt Piston [ML],HEARTBEAT,1,0,0,-108,4.75
2026-09-09 11:21:16,2,Supply Bolt Piston [ML],HEARTBEAT,1,0,0,-110,3
2026-09-09 11:21:27,2,Supply Bolt Piston [ML],HEARTBEAT,1,0,0,-110,2.25
2026-09-09 11:21:37,2,Supply Bolt Piston [ML],HEARTBEAT,1,0,0,-110,3.25
2026-09-09 11:21:47,2,Supply Bolt Piston [ML],HEARTBEAT,1,0,0,-109,3.5
2026-09-09 11:21:58,2,Supply Bolt Piston [ML],HEARTBEAT,1,0,0,-106,5.5
2026-09-09 11:22:08,2,Supply Bolt Piston [ML],HEARTBEAT,1,0,0,-107,4.5
2026-09-09 11:22:19,2,Supply Bolt Piston [ML],HEARTBEAT,1,0,0,-109,4
2026-09-09 11:22:29,2,Supply Bolt Piston [ML],HEARTBEAT,1,0,0,-107,4.75
2026-09-09 11:22:39,2,Supply Bolt Piston [ML],HEARTBEAT,1,0,0,-106,5
2026-09-09 11:22:50,2,Supply Bolt Piston [ML],HEARTBEAT,1,0,0,-104,1.75
2026-09-09 11:23:00,2,Supply Bolt Piston [ML],HEARTBEAT,1,0,0,-109,3.25
2026-09-09 11:23:11,2,Supply Bolt Piston [ML],HEARTBEAT,1,0,0,-107,5.25
2026-09-09 11:23:21,2,Supply Bolt Piston [ML],HEARTBEAT,1,0,0,-106,6.5
2026-09-09 11:23:31,2,Supply Bolt Piston [ML],HEARTBEAT,1,0,0,-103,5.5
2026-09-09 11:23:42,2,Supply Bolt Piston [ML],HEARTBEAT,1,0,0,-106,6.25
2026-09-09 11:23:52,2,Supply Bolt Piston [ML],HEARTBEAT,1,0,0,-106,5
2026-09-09 11:24:03,2,Supply Bolt Piston [ML],HEARTBEAT,1,0,0,-108,5
2026-09-09 11:24:13,2,Supply Bolt Piston [ML],HEARTBEAT,1,0,0,-105,2.75
2026-09-09 11:24:23,2,Supply Bolt Piston [ML],HEARTBEAT,1,0,0,-107,5.75
2026-09-09 11:24:34,2,Supply Bolt Piston [ML],HEARTBEAT,1,0,0,-108,4.5
2026-09-09 11:24:44,2,Supply Bolt Piston [ML],HEARTBEAT,1,0,0,-108,2.75
2026-09-09 11:24:55,2,Supply Bolt Piston [ML],HEARTBEAT,1,0,0,-102,4
2026-09-09 11:25:05,2,Supply Bolt Piston [ML],HEARTBEAT,1,0,0,-108,2
2026-09-09 11:25:15,2,Supply Bolt Piston [ML],HEARTBEAT,1,0,0,-110,3.5
2026-09-09 11:25:26,2,Supply Bolt Piston [ML],HEARTBEAT,1,0,0,-106,5.5
2026-09-09 11:25:36,2,Supply Bolt Piston [ML],HEARTBEAT,1,0,0,-109,1.75
2026-09-09 11:25:47,2,Supply Bolt Piston [ML],HEARTBEAT,1,0,0,-109,2.5
2026-09-09 11:25:57,2,Supply Bolt Piston [ML],HEARTBEAT,1,0,0,-110,3.5
2026-09-09 11:26:08,2,Supply Bolt Piston [ML],HEARTBEAT,1,0,0,-111,-0.25
2026-09-09 11:26:18,2,Supply Bolt Piston [ML],HEARTBEAT,1,0,0,-109,4.25
2026-09-09 11:26:28,2,Supply Bolt Piston [ML],HEARTBEAT,1,0,0,-111,2.25
2026-09-09 11:26:39,2,Supply Bolt Piston [ML],HEARTBEAT,1,0,0,-115,-5.25
2026-09-09 11:26:49,2,Supply Bolt Piston [ML],HEARTBEAT,1,0,0,-108,3
2026-09-09 11:27:00,2,Supply Bolt Piston [ML],HEARTBEAT,1,0,0,-108,3.5
2026-09-09 11:27:10,2,Supply Bolt Piston [ML],HEARTBEAT,1,0,0,-107,2.25
2026-09-09 11:27:20,2,Supply Bolt Piston [ML],HEARTBEAT,1,0,0,-109,2.75
2026-09-09 11:27:31,2,Supply Bolt Piston [ML],HEARTBEAT,1,0,0,-107,4.5
2026-09-09 11:27:41,2,Supply Bolt Piston [ML],HEARTBEAT,1,0,0,-106,5.5
2026-09-09 11:27:52,2,Supply Bolt Piston [ML],HEARTBEAT,1,0,0,-113,-0.75
2026-09-09 11:28:02,2,Supply Bolt Piston [ML],HEARTBEAT,1,0,0,-107,4.75
2026-09-09 11:28:12,2,Supply Bolt Piston [ML],HEARTBEAT,1,0,0,-107,5.25
2026-09-09 11:28:23,2,Supply Bolt Piston [ML],HEARTBEAT,1,0,0,-105,6.5
2026-09-09 11:28:33,2,Supply Bolt Piston [ML],HEARTBEAT,1,0,0,-105,6.25
2026-09-09 11:28:44,2,Supply Bolt Piston [ML],HEARTBEAT,1,0,0,-108,3.75
2026-09-09 11:28:54,2,Supply Bolt Piston [ML],HEARTBEAT,1,0,0,-105,3
2026-09-09 11:29:04,2,Supply Bolt Piston [ML],HEARTBEAT,1,0,0,-109,4.25
2026-09-09 11:29:15,2,Supply Bolt Piston [ML],HEARTBEAT,1,0,0,-109,2.75
2026-09-09 11:29:25,2,Supply Bolt Piston [ML],HEARTBEAT,1,0,0,-107,2.25
2026-09-09 11:29:36,2,Supply Bolt Piston [ML],HEARTBEAT,1,0,0,-108,4
2026-09-09 11:29:46,2,Supply Bolt Piston [ML],HEARTBEAT,1,0,0,-110,3.5
2026-09-09 11:29:56,2,Supply Bolt Piston [ML],HEARTBEAT,1,0,0,-108,4.5
2026-09-09 11:30:07,2,Supply Bolt Piston [ML],HEARTBEAT,1,0,0,-105,5.25
2026-09-09 11:30:17,2,Supply Bolt Piston [ML],HEARTBEAT,1,0,0,-106,4.25
2026-09-09 11:30:28,2,Supply Bolt Piston [ML],HEARTBEAT,1,0,0,-105,3.5
2026-09-09 11:30:38,2,Supply Bolt Piston [ML],HEARTBEAT,1,0,0,-108,5
2026-09-09 11:30:59,2,Supply Bolt Piston [ML],HEARTBEAT,1,0,0,-108,5
2026-09-09 11:31:09,2,Supply Bolt Piston [ML],HEARTBEAT,1,0,0,-105,6.5
2026-09-09 11:31:20,2,Supply Bolt Piston [ML],HEARTBEAT,1,0,0,-104,7.75
2026-09-09 11:31:30,2,Supply Bolt Piston [ML],HEARTBEAT,1,0,0,-104,6.5
2026-09-09 11:31:40,2,Supply Bolt Piston [ML],HEARTBEAT,1,0,0,-105,6.75
2026-09-09 11:31:51,2,Supply Bolt Piston [ML],HEARTBEAT,1,0,0,-104,8
2026-09-09 11:32:01,2,Supply Bolt Piston [ML],HEARTBEAT,1,0,0,-106,5.5
2026-09-09 11:32:12,2,Supply Bolt Piston [ML],HEARTBEAT,1,0,0,-106,6
2026-09-09 11:32:22,2,Supply Bolt Piston [ML],HEARTBEAT,1,0,0,-104,5.75
2026-09-09 11:32:33,2,Supply Bolt Piston [ML],HEARTBEAT,1,0,0,-105,4.25
2026-09-09 11:32:43,2,Supply Bolt Piston [ML],HEARTBEAT,1,0,0,-106,6.5
2026-09-09 11:32:53,2,Supply Bolt Piston [ML],HEARTBEAT,1,0,0,-106,6.5
2026-09-09 11:33:04,2,Supply Bolt Piston [ML],HEARTBEAT,1,0,0,-104,6.5
2026-09-09 11:33:14,2,Supply Bolt Piston [ML],HEARTBEAT,1,0,0,-105,6.75
2026-09-09 11:33:25,2,Supply Bolt Piston [ML],HEARTBEAT,1,0,0,-106,6.25
2026-09-09 11:33:35,2,Supply Bolt Piston [ML],HEARTBEAT,1,0,0,-107,5.5
2026-09-09 11:33:45,2,Supply Bolt Piston [ML],HEARTBEAT,1,0,0,-106,5.75
2026-09-09 11:33:56,2,Supply Bolt Piston [ML],HEARTBEAT,1,0,0,-103,5.5
2026-09-09 11:34:06,2,Supply Bolt Piston [ML],HEARTBEAT,1,0,0,-105,3.75
2026-09-09 11:34:17,2,Supply Bolt Piston [ML],HEARTBEAT,1,0,0,-107,6
2026-09-09 11:34:27,2,Supply Bolt Piston [ML],HEARTBEAT,1,0,0,-103,3.5
2026-09-09 11:34:37,2,Supply Bolt Piston [ML],HEARTBEAT,1,0,0,-104,4.5
2026-09-09 11:34:48,2,Supply Bolt Piston [ML],HEARTBEAT,1,0,0,-105,6.5
2026-09-09 11:34:58,2,Supply Bolt Piston [ML],HEARTBEAT,1,0,0,-106,6.25
2026-09-09 11:35:09,2,Supply Bolt Piston [ML],HEARTBEAT,1,0,0,-104,5.5
2026-09-09 11:35:19,2,Supply Bolt Piston [ML],HEARTBEAT,1,0,0,-103,7.25
2026-09-09 11:35:29,2,Supply Bolt Piston [ML],HEARTBEAT,1,0,0,-106,6.25
2026-09-09 11:35:40,2,Supply Bolt Piston [ML],HEARTBEAT,1,0,0,-103,5.75
2026-09-09 11:35:50,2,Supply Bolt Piston [ML],HEARTBEAT,1,0,0,-104,6.25
2026-09-09 11:36:01,2,Supply Bolt Piston [ML],HEARTBEAT,1,0,0,-105,6
2026-09-09 11:36:11,2,Supply Bolt Piston [ML],HEARTBEAT,1,0,0,-106,6.75
2026-09-09 11:36:21,2,Supply Bolt Piston [ML],HEARTBEAT,1,0,0,-103,5.75
2026-09-09 11:36:32,2,Supply Bolt Piston [ML],HEARTBEAT,1,0,0,-104,3
2026-09-09 11:36:42,2,Supply Bolt Piston [ML],HEARTBEAT,1,0,0,-102,7.5
2026-09-09 11:36:53,2,Supply Bolt Piston [ML],HEARTBEAT,1,0,0,-106,5.5
2026-09-09 11:37:03,2,Supply Bolt Piston [ML],HEARTBEAT,1,0,0,-106,6
2026-09-09 11:37:13,2,Supply Bolt Piston [ML],HEARTBEAT,1,0,0,-105,5.5
2026-09-09 11:37:24,2,Supply Bolt Piston [ML],HEARTBEAT,1,0,0,-104,6
2026-09-09 11:37:34,2,Supply Bolt Piston [ML],HEARTBEAT,1,0,0,-108,4.25
2026-09-09 11:37:45,2,Supply Bolt Piston [ML],HEARTBEAT,1,0,0,-109,4.25
2026-09-09 11:37:55,2,Supply Bolt Piston [ML],HEARTBEAT,1,0,0,-106,5.75
2026-09-09 11:38:05,2,Supply Bolt Piston [ML],HEARTBEAT,1,0,0,-105,0.5
2026-09-09 11:38:16,2,Supply Bolt Piston [ML],HEARTBEAT,1,0,0,-107,4.75
2026-09-09 11:38:26,2,Supply Bolt Piston [ML],HEARTBEAT,1,0,0,-107,4.75
2026-09-09 11:38:37,2,Supply Bolt Piston [ML],HEARTBEAT,1,0,0,-108,1.5
2026-09-09 11:38:47,2,Supply Bolt Piston [ML],HEARTBEAT,1,0,0,-106,5.5
2026-09-09 11:38:57,2,Supply Bolt Piston [ML],HEARTBEAT,1,0,0,-107,4.5
2026-09-09 11:39:08,2,Supply Bolt Piston [ML],HEARTBEAT,1,0,0,-109,3
2026-09-09 11:39:18,2,Supply Bolt Piston [ML],HEARTBEAT,1,0,0,-109,3
2026-09-09 11:39:29,2,Supply Bolt Piston [ML],HEARTBEAT,1,0,0,-106,6
2026-09-09 11:39:39,2,Supply Bolt Piston [ML],HEARTBEAT,1,0,0,-103,5.5
2026-09-09 11:39:50,2,Supply Bolt Piston [ML],HEARTBEAT,1,0,0,-106,5.5
2026-09-09 11:40:00,2,Supply Bolt Piston [ML],HEARTBEAT,1,0,0,-107,5.75
2026-09-09 11:40:10,2,Supply Bolt Piston [ML],HEARTBEAT,1,0,0,-104,6.75
2026-09-09 11:40:21,2,Supply Bolt Piston [ML],HEARTBEAT,1,0,0,-106,5.25
2026-09-09 11:40:31,2,Supply Bolt Piston [ML],HEARTBEAT,1,0,0,-105,3
2026-09-09 11:40:42,2,Supply Bolt Piston [ML],HEARTBEAT,1,0,0,-102,6.5
2026-09-09 11:40:52,2,Supply Bolt Piston [ML],HEARTBEAT,1,0,0,-104,5.25
2026-09-09 11:41:02,2,Supply Bolt Piston [ML],HEARTBEAT,1,0,0,-105,5.75
2026-09-09 11:41:13,2,Supply Bolt Piston [ML],HEARTBEAT,1,0,0,-101,7
2026-09-09 11:41:23,2,Supply Bolt Piston [ML],HEARTBEAT,1,0,0,-106,6
2026-09-09 11:41:34,2,Supply Bolt Piston [ML],HEARTBEAT,1,0,0,-105,1.25
2026-09-09 11:41:44,2,Supply Bolt Piston [ML],HEARTBEAT,1,0,0,-106,6
2026-09-09 11:41:54,2,Supply Bolt Piston [ML],HEARTBEAT,1,0,0,-105,4.5
2026-09-09 11:42:05,2,Supply Bolt Piston [ML],HEARTBEAT,1,0,0,-105,5.5
2026-09-09 11:42:15,2,Supply Bolt Piston [ML],HEARTBEAT,1,0,0,-110,3.25
2026-09-09 11:42:26,2,Supply Bolt Piston [ML],HEARTBEAT,1,0,0,-109,4
2026-09-09 11:42:36,2,Supply Bolt Piston [ML],HEARTBEAT,1,0,0,-105,5.75
2026-09-09 11:42:46,2,Supply Bolt Piston [ML],HEARTBEAT,1,0,0,-108,3.5
2026-09-09 11:42:57,2,Supply Bolt Piston [ML],HEARTBEAT,1,0,0,-105,3.75
2026-09-09 11:43:07,2,Supply Bolt Piston [ML],HEARTBEAT,1,0,0,-104,2.75
2026-09-09 11:43:18,2,Supply Bolt Piston [ML],HEARTBEAT,1,0,0,-104,6
2026-09-09 11:43:28,2,Supply Bolt Piston [ML],HEARTBEAT,1,0,0,-105,5.25
2026-09-09 11:43:38,2,Supply Bolt Piston [ML],HEARTBEAT,1,0,0,-107,5.5
2026-09-09 11:43:49,2,Supply Bolt Piston [ML],HEARTBEAT,1,0,0,-106,4.75
2026-09-09 11:43:59,2,Supply Bolt Piston [ML],HEARTBEAT,1,0,0,-106,5
2026-09-09 11:44:10,2,Supply Bolt Piston [ML],HEARTBEAT,1,0,0,-107,5
2026-09-09 11:44:20,2,Supply Bolt Piston [ML],HEARTBEAT,1,0,0,-108,4
2026-09-09 11:44:30,2,Supply Bolt Piston [ML],HEARTBEAT,1,0,0,-108,3.5
2026-09-09 11:44:41,2,Supply Bolt Piston [ML],HEARTBEAT,1,0,0,-107,5.25
2026-09-09 11:44:51,2,Supply Bolt Piston [ML],HEARTBEAT,1,0,0,-105,4.25
2026-09-09 11:45:02,2,Supply Bolt Piston [ML],HEARTBEAT,1,0,0,-109,2
2026-09-09 11:45:12,2,Supply Bolt Piston [ML],HEARTBEAT,1,0,0,-105,3.75
2026-09-09 11:45:22,2,Supply Bolt Piston [ML],HEARTBEAT,1,0,0,-108,4.5
2026-09-09 11:45:33,2,Supply Bolt Piston [ML],HEARTBEAT,1,0,0,-114,-2.25
2026-09-09 11:45:43,2,Supply Bolt Piston [ML],HEARTBEAT,1,0,0,-110,3
2026-09-09 11:45:54,2,Supply Bolt Piston [ML],HEARTBEAT,1,0,0,-113,0
2026-09-09 11:46:04,2,Supply Bolt Piston [ML],HEARTBEAT,1,0,0,-108,4.75
2026-09-09 11:46:14,2,Supply Bolt Piston [ML],HEARTBEAT,1,0,0,-111,1.75
2026-09-09 11:46:25,2,Supply Bolt Piston [ML],HEARTBEAT,1,0,0,-107,3.75
2026-09-09 11:46:35,2,Supply Bolt Piston [ML],HEARTBEAT,1,0,0,-107,3.75
2026-09-09 11:46:46,2,Supply Bolt Piston [ML],HEARTBEAT,1,0,0,-106,6
2026-09-09 11:46:56,2,Supply Bolt Piston [ML],HEARTBEAT,1,0,0,-109,3.5
2026-09-09 11:47:07,2,Supply Bolt Piston [ML],HEARTBEAT,1,0,0,-110,0
2026-09-09 11:47:17,2,Supply Bolt Piston [ML],HEARTBEAT,1,0,0,-108,3.25
2026-09-09 11:47:27,2,Supply Bolt Piston [ML],HEARTBEAT,1,0,0,-112,0.75
2026-09-09 11:47:38,2,Supply Bolt Piston [ML],HEARTBEAT,1,0,0,-110,-0.25
2026-09-09 11:47:48,2,Supply Bolt Piston [ML],HEARTBEAT,1,0,0,-112,1.75
2026-09-09 11:47:59,2,Supply Bolt Piston [ML],HEARTBEAT,1,0,0,-109,1
2026-09-09 11:48:09,2,Supply Bolt Piston [ML],HEARTBEAT,1,0,0,-108,4.5
2026-09-09 11:48:19,2,Supply Bolt Piston [ML],HEARTBEAT,1,0,0,-111,1.75
2026-09-09 11:48:30,2,Supply Bolt Piston [ML],HEARTBEAT,1,0,0,-107,3.75
2026-09-09 11:48:40,2,Supply Bolt Piston [ML],HEARTBEAT,1,0,0,-107,5
2026-09-09 11:48:51,2,Supply Bolt Piston [ML],HEARTBEAT,1,0,0,-105,6.5
2026-09-09 11:49:01,2,Supply Bolt Piston [ML],HEARTBEAT,1,0,0,-104,4.75
2026-09-09 11:49:11,2,Supply Bolt Piston [ML],HEARTBEAT,1,0,0,-108,4.25
2026-09-09 11:49:22,2,Supply Bolt Piston [ML],HEARTBEAT,1,0,0,-105,5.5
2026-09-09 11:49:32,2,Supply Bolt Piston [ML],HEARTBEAT,1,0,0,-107,5.5
2026-09-09 11:49:43,2,Supply Bolt Piston [ML],HEARTBEAT,1,0,0,-102,4.75
2026-09-09 11:49:53,2,Supply Bolt Piston [ML],HEARTBEAT,1,0,0,-103,4.75
2026-09-09 11:50:03,2,Supply Bolt Piston [ML],HEARTBEAT,1,0,0,-105,7
2026-09-09 11:50:14,2,Supply Bolt Piston [ML],HEARTBEAT,1,0,0,-106,5.5
2026-09-09 11:50:24,2,Supply Bolt Piston [ML],HEARTBEAT,1,0,0,-104,6.25
2026-09-09 11:50:35,2,Supply Bolt Piston [ML],HEARTBEAT,1,0,0,-105,6.5
2026-09-09 11:50:45,2,Supply Bolt Piston [ML],HEARTBEAT,1,0,0,-105,5.5
2026-09-09 11:50:55,2,Supply Bolt Piston [ML],HEARTBEAT,1,0,0,-105,6
2026-09-09 11:51:06,2,Supply Bolt Piston [ML],HEARTBEAT,1,0,0,-105,7
2026-09-09 11:51:16,2,Supply Bolt Piston [ML],HEARTBEAT,1,0,0,-108,4.25
2026-09-09 11:51:27,2,Supply Bolt Piston [ML],HEARTBEAT,1,0,0,-105,6.25
2026-09-09 11:51:37,2,Supply Bolt Piston [ML],HEARTBEAT,1,0,0,-105,6.5
2026-09-09 11:51:47,2,Supply Bolt Piston [ML],HEARTBEAT,1,0,0,-107,3.25
2026-09-09 11:51:58,2,Supply Bolt Piston [ML],HEARTBEAT,1,0,0,-109,2.75
2026-09-09 11:52:08,2,Supply Bolt Piston [ML],HEARTBEAT,1,0,0,-106,5.5
2026-09-09 11:52:19,2,Supply Bolt Piston [ML],HEARTBEAT,1,0,0,-106,5.25
2026-09-09 11:52:29,2,Supply Bolt Piston [ML],HEARTBEAT,1,0,0,-108,4
2026-09-09 11:52:39,2,Supply Bolt Piston [ML],HEARTBEAT,1,0,0,-108,4.5
2026-09-09 11:52:50,2,Supply Bolt Piston [ML],HEARTBEAT,1,0,0,-106,6
2026-09-09 11:53:00,2,Supply Bolt Piston [ML],HEARTBEAT,1,0,0,-105,3.75
2026-09-09 11:53:11,2,Supply Bolt Piston [ML],HEARTBEAT,1,0,0,-105,6.75
2026-09-09 11:53:21,2,Supply Bolt Piston [ML],HEARTBEAT,1,0,0,-109,4.5
2026-09-09 11:53:31,2,Supply Bolt Piston [ML],HEARTBEAT,1,0,0,-110,2.75
2026-09-09 11:53:42,2,Supply Bolt Piston [ML],HEARTBEAT,1,0,0,-108,2.75
2026-09-09 11:53:52,2,Supply Bolt Piston [ML],HEARTBEAT,1,0,0,-112,1
2026-09-09 11:54:03,2,Supply Bolt Piston [ML],HEARTBEAT,1,0,0,-107,3.75
2026-09-09 11:54:13,2,Supply Bolt Piston [ML],HEARTBEAT,1,0,0,-108,3.25
2026-09-09 11:54:24,2,Supply Bolt Piston [ML],HEARTBEAT,1,0,0,-108,4.25
2026-09-09 11:54:34,2,Supply Bolt Piston [ML],HEARTBEAT,1,0,0,-108,4
2026-09-09 11:54:44,2,Supply Bolt Piston [ML],HEARTBEAT,1,0,0,-107,4.25
2026-09-09 11:54:55,2,Supply Bolt Piston [ML],HEARTBEAT,1,0,0,-106,6.25
2026-09-09 11:55:05,2,Supply Bolt Piston [ML],HEARTBEAT,1,0,0,-106,5.25
2026-09-09 11:55:16,2,Supply Bolt Piston [ML],HEARTBEAT,1,0,0,-106,5
2026-09-09 11:55:26,2,Supply Bolt Piston [ML],HEARTBEAT,1,0,0,-103,4.75
2026-09-09 11:55:36,2,Supply Bolt Piston [ML],HEARTBEAT,1,0,0,-104,7
2026-09-09 11:55:47,2,Supply Bolt Piston [ML],HEARTBEAT,1,0,0,-102,1.25
2026-09-09 11:55:57,2,Supply Bolt Piston [ML],HEARTBEAT,1,0,0,-104,5.75
2026-09-09 11:56:08,2,Supply Bolt Piston [ML],HEARTBEAT,1,0,0,-108,5
2026-09-09 11:56:18,2,Supply Bolt Piston [ML],HEARTBEAT,1,0,0,-105,7
2026-09-09 11:56:28,2,Supply Bolt Piston [ML],HEARTBEAT,1,0,0,-112,1.25
2026-09-09 11:56:39,2,Supply Bolt Piston [ML],HEARTBEAT,1,0,0,-104,5.5
2026-09-09 11:56:49,2,Supply Bolt Piston [ML],HEARTBEAT,1,0,0,-107,5.75
2026-09-09 11:57:00,2,Supply Bolt Piston [ML],HEARTBEAT,1,0,0,-106,6
2026-09-09 11:57:10,2,Supply Bolt Piston [ML],HEARTBEAT,1,0,0,-105,5.75
2026-09-09 11:57:20,2,Supply Bolt Piston [ML],HEARTBEAT,1,0,0,-107,5.5
2026-09-09 11:57:31,2,Supply Bolt Piston [ML],HEARTBEAT,1,0,0,-109,4.5
2026-09-09 11:57:41,2,Supply Bolt Piston [ML],HEARTBEAT,1,0,0,-106,3
2026-09-09 11:57:52,2,Supply Bolt Piston [ML],HEARTBEAT,1,0,0,-108,4.5
2026-09-09 11:58:02,2,Supply Bolt Piston [ML],HEARTBEAT,1,0,0,-104,6.25
2026-09-09 11:58:12,2,Supply Bolt Piston [ML],HEARTBEAT,1,0,0,-106,5.25
2026-09-09 11:58:23,2,Supply Bolt Piston [ML],HEARTBEAT,1,0,0,-106,6.25
2026-09-09 11:58:33,2,Supply Bolt Piston [ML],HEARTBEAT,1,0,0,-107,4
2026-09-09 11:58:44,2,Supply Bolt Piston [ML],HEARTBEAT,1,0,0,-106,5.5
2026-09-09 11:58:54,2,Supply Bolt Piston [ML],HEARTBEAT,1,0,0,-107,5
2026-09-09 11:59:04,2,Supply Bolt Piston [ML],HEARTBEAT,1,0,0,-105,6
2026-09-09 11:59:15,2,Supply Bolt Piston [ML],HEARTBEAT,1,0,0,-104,7
2026-09-09 11:59:25,2,Supply Bolt Piston [ML],HEARTBEAT,1,0,0,-104,6.5
2026-09-09 11:59:36,2,Supply Bolt Piston [ML],HEARTBEAT,1,0,0,-103,7.5
2026-09-09 11:59:46,2,Supply Bolt Piston [ML],HEARTBEAT,1,0,0,-104,5.75
2026-09-09 11:59:56,2,Supply Bolt Piston [ML],HEARTBEAT,1,0,0,-105,6.75
2026-09-09 12:00:07,2,Supply Bolt Piston [ML],HEARTBEAT,1,0,0,-102,7
2026-09-09 12:00:17,2,Supply Bolt Piston [ML],HEARTBEAT,1,0,0,-104,6.75
2026-09-09 12:00:28,2,Supply Bolt Piston [ML],HEARTBEAT,1,0,0,-105,6.75
2026-09-09 12:00:38,2,Supply Bolt Piston [ML],HEARTBEAT,1,0,0,-104,7
2026-09-09 12:00:49,2,Supply Bolt Piston [ML],HEARTBEAT,1,0,0,-105,6.75
2026-09-09 12:00:59,2,Supply Bolt Piston [ML],HEARTBEAT,1,0,0,-104,6.75
2026-09-09 12:01:09,2,Supply Bolt Piston [ML],HEARTBEAT,1,0,0,-104,6.5
2026-09-09 12:01:20,2,Supply Bolt Piston [ML],HEARTBEAT,1,0,0,-104,7.5
2026-09-09 12:01:30,2,Supply Bolt Piston [ML],HEARTBEAT,1,0,0,-103,7.75
2026-09-09 12:01:41,2,Supply Bolt Piston [ML],HEARTBEAT,1,0,0,-104,6.25
2026-09-09 12:01:51,2,Supply Bolt Piston [ML],HEARTBEAT,1,0,0,-105,4.5
2026-09-09 12:02:01,2,Supply Bolt Piston [ML],HEARTBEAT,1,0,0,-101,6.5
2026-09-09 12:02:12,2,Supply Bolt Piston [ML],HEARTBEAT,1,0,0,-105,6.75
2026-09-09 12:02:22,2,Supply Bolt Piston [ML],HEARTBEAT,1,0,0,-104,6.25
2026-09-09 12:02:33,2,Supply Bolt Piston [ML],HEARTBEAT,1,0,0,-105,5.75
2026-09-09 12:02:43,2,Supply Bolt Piston [ML],HEARTBEAT,1,0,0,-104,7
2026-09-09 12:02:53,2,Supply Bolt Piston [ML],HEARTBEAT,1,0,0,-104,7
2026-09-09 12:03:04,2,Supply Bolt Piston [ML],HEARTBEAT,1,0,0,-105,6.75
2026-09-09 12:03:14,2,Supply Bolt Piston [ML],HEARTBEAT,1,0,0,-104,6
2026-09-09 12:03:25,2,Supply Bolt Piston [ML],HEARTBEAT,1,0,0,-101,4.5
2026-09-09 12:03:35,2,Supply Bolt Piston [ML],HEARTBEAT,1,0,0,-105,7
2026-09-09 12:03:45,2,Supply Bolt Piston [ML],HEARTBEAT,1,0,0,-104,4.5
2026-09-09 12:03:56,2,Supply Bolt Piston [ML],HEARTBEAT,1,0,0,-103,6.25
2026-09-09 12:04:06,2,Supply Bolt Piston [ML],HEARTBEAT,1,0,0,-103,6.5
2026-09-09 12:04:17,2,Supply Bolt Piston [ML],HEARTBEAT,1,0,0,-104,6.5
2026-09-09 12:04:27,2,Supply Bolt Piston [ML],HEARTBEAT,1,0,0,-103,5.75
2026-09-09 12:04:37,2,Supply Bolt Piston [ML],HEARTBEAT,1,0,0,-104,6.25
2026-09-09 12:04:48,2,Supply Bolt Piston [ML],HEARTBEAT,1,0,0,-104,7.25
2026-09-09 12:04:58,2,Supply Bolt Piston [ML],HEARTBEAT,1,0,0,-104,7.25
2026-09-09 12:05:09,2,Supply Bolt Piston [ML],HEARTBEAT,1,0,0,-103,5.75
2026-09-09 12:05:19,2,Supply Bolt Piston [ML],HEARTBEAT,1,0,0,-105,6.75
2026-09-09 12:05:29,2,Supply Bolt Piston [ML],HEARTBEAT,1,0,0,-105,7.25
2026-09-09 12:05:40,2,Supply Bolt Piston [ML],HEARTBEAT,1,0,0,-104,6
2026-09-09 12:05:50,2,Supply Bolt Piston [ML],HEARTBEAT,1,0,0,-104,6.25
2026-09-09 12:06:01,2,Supply Bolt Piston [ML],HEARTBEAT,1,0,0,-103,6.25
2026-09-09 12:06:11,2,Supply Bolt Piston [ML],HEARTBEAT,1,0,0,-104,7.25
2026-09-09 12:06:21,2,Supply Bolt Piston [ML],HEARTBEAT,1,0,0,-103,5.75
2026-09-09 12:06:32,2,Supply Bolt Piston [ML],HEARTBEAT,1,0,0,-104,5
2026-09-09 12:06:42,2,Supply Bolt Piston [ML],HEARTBEAT,1,0,0,-104,7.25
2026-09-09 12:06:53,2,Supply Bolt Piston [ML],HEARTBEAT,1,0,0,-103,5
2026-09-09 12:07:03,2,Supply Bolt Piston [ML],HEARTBEAT,1,0,0,-104,7
2026-09-09 12:07:13,2,Supply Bolt Piston [ML],HEARTBEAT,1,0,0,-104,7
2026-09-09 12:07:24,2,Supply Bolt Piston [ML],HEARTBEAT,1,0,0,-103,6
2026-09-09 12:07:34,2,Supply Bolt Piston [ML],HEARTBEAT,1,0,0,-104,7
2026-09-09 12:07:45,2,Supply Bolt Piston [ML],HEARTBEAT,1,0,0,-104,6.75
2026-09-09 12:07:55,2,Supply Bolt Piston [ML],HEARTBEAT,1,0,0,-103,6.25
2026-09-09 12:08:06,2,Supply Bolt Piston [ML],HEARTBEAT,1,0,0,-104,6.5
2026-09-09 12:08:16,2,Supply Bolt Piston [ML],HEARTBEAT,1,0,0,-104,7
2026-09-09 12:08:26,2,Supply Bolt Piston [ML],HEARTBEAT,1,0,0,-103,5.5
2026-09-09 12:08:37,2,Supply Bolt Piston [ML],HEARTBEAT,1,0,0,-105,6.75
2026-09-09 12:08:47,2,Supply Bolt Piston [ML],HEARTBEAT,1,0,0,-105,6.75
2026-09-09 12:08:58,2,Supply Bolt Piston [ML],HEARTBEAT,1,0,0,-105,6.25
2026-09-09 12:09:08,2,Supply Bolt Piston [ML],HEARTBEAT,1,0,0,-104,6.5
2026-09-09 12:09:18,2,Supply Bolt Piston [ML],HEARTBEAT,1,0,0,-104,7.5
2026-09-09 12:09:29,2,Supply Bolt Piston [ML],HEARTBEAT,1,0,0,-104,6.75
2026-09-09 12:09:39,2,Supply Bolt Piston [ML],HEARTBEAT,1,0,0,-104,7.25
2026-09-09 12:09:50,2,Supply Bolt Piston [ML],HEARTBEAT,1,0,0,-103,5.25
2026-09-09 12:10:00,2,Supply Bolt Piston [ML],HEARTBEAT,1,0,0,-104,4.5
2026-09-09 12:10:10,2,Supply Bolt Piston [ML],HEARTBEAT,1,0,0,-104,7
2026-09-09 12:10:21,2,Supply Bolt Piston [ML],HEARTBEAT,1,0,0,-105,6.5
2026-09-09 12:10:31,2,Supply Bolt Piston [ML],HEARTBEAT,1,0,0,-102,3.25
2026-09-09 12:10:42,2,Supply Bolt Piston [ML],HEARTBEAT,1,0,0,-105,7
2026-09-09 12:10:52,2,Supply Bolt Piston [ML],HEARTBEAT,1,0,0,-105,6.5
2026-09-09 12:11:02,2,Supply Bolt Piston [ML],HEARTBEAT,1,0,0,-104,7
2026-09-09 12:11:13,2,Supply Bolt Piston [ML],HEARTBEAT,1,0,0,-103,5.75
2026-09-09 12:11:23,2,Supply Bolt Piston [ML],HEARTBEAT,1,0,0,-104,3.5
2026-09-09 12:11:34,2,Supply Bolt Piston [ML],HEARTBEAT,1,0,0,-104,6.5
2026-09-09 12:11:44,2,Supply Bolt Piston [ML],HEARTBEAT,1,0,0,-105,6.5
2026-09-09 12:11:54,2,Supply Bolt Piston [ML],HEARTBEAT,1,0,0,-104,7
2026-09-09 12:12:05,2,Supply Bolt Piston [ML],HEARTBEAT,1,0,0,-104,6.75
2026-09-09 12:12:15,2,Supply Bolt Piston [ML],HEARTBEAT,1,0,0,-105,6.75
2026-09-09 12:12:26,2,Supply Bolt Piston [ML],HEARTBEAT,1,0,0,-101,4.75
2026-09-09 12:12:36,2,Supply Bolt Piston [ML],HEARTBEAT,1,0,0,-104,7.25
2026-09-09 12:12:46,2,Supply Bolt Piston [ML],HEARTBEAT,1,0,0,-102,6.25
2026-09-09 12:12:57,2,Supply Bolt Piston [ML],HEARTBEAT,1,0,0,-104,6.25
2026-09-09 12:13:07,2,Supply Bolt Piston [ML],HEARTBEAT,1,0,0,-103,5.25
2026-09-09 12:13:18,2,Supply Bolt Piston [ML],HEARTBEAT,1,0,0,-103,6.75
2026-09-09 12:13:28,2,Supply Bolt Piston [ML],HEARTBEAT,1,0,0,-104,7
2026-09-09 12:13:38,2,Supply Bolt Piston [ML],HEARTBEAT,1,0,0,-104,7.75
2026-09-09 12:13:49,2,Supply Bolt Piston [ML],HEARTBEAT,1,0,0,-101,5.75
2026-09-09 12:13:59,2,Supply Bolt Piston [ML],HEARTBEAT,1,0,0,-104,7.5
2026-09-09 12:14:10,2,Supply Bolt Piston [ML],HEARTBEAT,1,0,0,-103,6.5
2026-09-09 12:14:20,2,Supply Bolt Piston [ML],HEARTBEAT,1,0,0,-103,7
2026-09-09 12:14:30,2,Supply Bolt Piston [ML],HEARTBEAT,1,0,0,-104,5.5
2026-09-09 12:14:41,2,Supply Bolt Piston [ML],HEARTBEAT,1,0,0,-104,7.25
2026-09-09 12:14:51,2,Supply Bolt Piston [ML],HEARTBEAT,1,0,0,-104,5.5
2026-09-09 12:15:02,2,Supply Bolt Piston [ML],HEARTBEAT,1,0,0,-104,7
2026-09-09 12:15:12,2,Supply Bolt Piston [ML],HEARTBEAT,1,0,0,-104,7.5
2026-09-09 12:15:23,2,Supply Bolt Piston [ML],HEARTBEAT,1,0,0,-104,6.75
2026-09-09 12:15:33,2,Supply Bolt Piston [ML],HEARTBEAT,1,0,0,-103,6.75
2026-09-09 12:15:43,2,Supply Bolt Piston [ML],HEARTBEAT,1,0,0,-103,7.25
2026-09-09 12:15:54,2,Supply Bolt Piston [ML],HEARTBEAT,1,0,0,-104,5.75
2026-09-09 12:16:04,2,Supply Bolt Piston [ML],HEARTBEAT,1,0,0,-104,6.25
2026-09-09 12:16:15,2,Supply Bolt Piston [ML],HEARTBEAT,1,0,0,-103,7.5
2026-09-09 12:16:25,2,Supply Bolt Piston [ML],HEARTBEAT,1,0,0,-104,7
2026-09-09 12:16:35,2,Supply Bolt Piston [ML],HEARTBEAT,1,0,0,-102,5.75
2026-09-09 12:16:46,2,Supply Bolt Piston [ML],HEARTBEAT,1,0,0,-102,5.5
2026-09-09 12:16:56,2,Supply Bolt Piston [ML],HEARTBEAT,1,0,0,-103,5.75
2026-09-09 12:17:07,2,Supply Bolt Piston [ML],HEARTBEAT,1,0,0,-104,7.5
2026-09-09 12:17:17,2,Supply Bolt Piston [ML],HEARTBEAT,1,0,0,-104,7
2026-09-09 12:17:27,2,Supply Bolt Piston [ML],HEARTBEAT,1,0,0,-102,6.5
2026-09-09 12:17:38,2,Supply Bolt Piston [ML],HEARTBEAT,1,0,0,-104,6.75
2026-09-09 12:17:48,2,Supply Bolt Piston [ML],HEARTBEAT,1,0,0,-105,7.25
2026-09-09 12:17:59,2,Supply Bolt Piston [ML],HEARTBEAT,1,0,0,-104,6
2026-09-09 12:18:09,2,Supply Bolt Piston [ML],HEARTBEAT,1,0,0,-103,6
2026-09-09 12:18:19,2,Supply Bolt Piston [ML],HEARTBEAT,1,0,0,-104,7
2026-09-09 12:18:30,2,Supply Bolt Piston [ML],HEARTBEAT,1,0,0,-104,6
2026-09-09 12:18:40,2,Supply Bolt Piston [ML],HEARTBEAT,1,0,0,-104,5
2026-09-09 12:18:51,2,Supply Bolt Piston [ML],HEARTBEAT,1,0,0,-105,6.25
2026-09-09 12:19:01,2,Supply Bolt Piston [ML],HEARTBEAT,1,0,0,-105,7
2026-09-09 12:19:11,2,Supply Bolt Piston [ML],HEARTBEAT,1,0,0,-104,6
2026-09-09 12:19:22,2,Supply Bolt Piston [ML],HEARTBEAT,1,0,0,-105,7.25
2026-09-09 12:19:32,2,Supply Bolt Piston [ML],HEARTBEAT,1,0,0,-104,6
2026-09-09 12:19:43,2,Supply Bolt Piston [ML],HEARTBEAT,1,0,0,-105,6.25
2026-09-09 12:19:53,2,Supply Bolt Piston [ML],HEARTBEAT,1,0,0,-105,6.75
2026-09-09 12:20:03,2,Supply Bolt Piston [ML],HEARTBEAT,1,0,0,-103,3
2026-09-09 12:20:14,2,Supply Bolt Piston [ML],HEARTBEAT,1,0,0,-103,6.5
2026-09-09 12:20:24,2,Supply Bolt Piston [ML],HEARTBEAT,1,0,0,-105,6.75
2026-09-09 12:20:35,2,Supply Bolt Piston [ML],HEARTBEAT,1,0,0,-104,6
2026-09-09 12:20:45,2,Supply Bolt Piston [ML],HEARTBEAT,1,0,0,-105,7
2026-09-09 12:20:55,2,Supply Bolt Piston [ML],HEARTBEAT,1,0,0,-104,6.75
2026-09-09 12:21:06,2,Supply Bolt Piston [ML],HEARTBEAT,1,0,0,-105,6.5
2026-09-09 12:21:16,2,Supply Bolt Piston [ML],HEARTBEAT,1,0,0,-105,5.5
2026-09-09 12:21:27,2,Supply Bolt Piston [ML],HEARTBEAT,1,0,0,-105,6.5
2026-09-09 12:21:37,2,Supply Bolt Piston [ML],HEARTBEAT,1,0,0,-105,6.5
2026-09-09 12:21:47,2,Supply Bolt Piston [ML],HEARTBEAT,1,0,0,-105,6.75
2026-09-09 12:21:58,2,Supply Bolt Piston [ML],HEARTBEAT,1,0,0,-102,5.25
2026-09-09 12:22:08,2,Supply Bolt Piston [ML],HEARTBEAT,1,0,0,-104,6.75
2026-09-09 12:22:19,2,Supply Bolt Piston [ML],HEARTBEAT,1,0,0,-104,4.5
2026-09-09 12:22:29,2,Supply Bolt Piston [ML],HEARTBEAT,1,0,0,-104,7
2026-09-09 12:22:40,2,Supply Bolt Piston [ML],HEARTBEAT,1,0,0,-105,6.25
2026-09-09 12:22:50,2,Supply Bolt Piston [ML],HEARTBEAT,1,0,0,-103,6
2026-09-09 12:23:00,2,Supply Bolt Piston [ML],HEARTBEAT,1,0,0,-104,4.25
2026-09-09 12:23:11,2,Supply Bolt Piston [ML],HEARTBEAT,1,0,0,-105,7
2026-09-09 12:23:21,2,Supply Bolt Piston [ML],HEARTBEAT,1,0,0,-105,7
2026-09-09 12:23:32,2,Supply Bolt Piston [ML],HEARTBEAT,1,0,0,-105,5
2026-09-09 12:23:42,2,Supply Bolt Piston [ML],HEARTBEAT,1,0,0,-103,4.5
2026-09-09 12:23:52,2,Supply Bolt Piston [ML],HEARTBEAT,1,0,0,-104,7.25
2026-09-09 12:24:03,2,Supply Bolt Piston [ML],HEARTBEAT,1,0,0,-104,6.75
2026-09-09 12:24:13,2,Supply Bolt Piston [ML],HEARTBEAT,1,0,0,-102,6.25
2026-09-09 12:24:24,2,Supply Bolt Piston [ML],HEARTBEAT,1,0,0,-104,7
2026-09-09 12:24:34,2,Supply Bolt Piston [ML],HEARTBEAT,1,0,0,-103,5.25
2026-09-09 12:24:44,2,Supply Bolt Piston [ML],HEARTBEAT,1,0,0,-104,6.75
2026-09-09 12:24:55,2,Supply Bolt Piston [ML],HEARTBEAT,1,0,0,-104,6.25
2026-09-09 12:25:05,2,Supply Bolt Piston [ML],HEARTBEAT,1,0,0,-104,7.25
2026-09-09 12:25:16,2,Supply Bolt Piston [ML],HEARTBEAT,1,0,0,-105,6.5
2026-09-09 12:25:26,2,Supply Bolt Piston [ML],HEARTBEAT,1,0,0,-104,6.75
2026-09-09 12:25:36,2,Supply Bolt Piston [ML],HEARTBEAT,1,0,0,-104,7.5
2026-09-09 12:25:47,2,Supply Bolt Piston [ML],HEARTBEAT,1,0,0,-104,7.25
2026-09-09 12:25:57,2,Supply Bolt Piston [ML],HEARTBEAT,1,0,0,-104,6.5
2026-09-09 12:26:08,2,Supply Bolt Piston [ML],HEARTBEAT,1,0,0,-103,6
2026-09-09 12:26:18,2,Supply Bolt Piston [ML],HEARTBEAT,1,0,0,-103,7
2026-09-09 12:26:28,2,Supply Bolt Piston [ML],HEARTBEAT,1,0,0,-104,7.25
2026-09-09 12:26:39,2,Supply Bolt Piston [ML],HEARTBEAT,1,0,0,-105,7
2026-09-09 12:26:49,2,Supply Bolt Piston [ML],HEARTBEAT,1,0,0,-104,6.5
2026-09-09 12:27:00,2,Supply Bolt Piston [ML],HEARTBEAT,1,0,0,-103,7
2026-09-09 12:27:10,2,Supply Bolt Piston [ML],HEARTBEAT,1,0,0,-104,7
2026-09-09 12:27:20,2,Supply Bolt Piston [ML],HEARTBEAT,1,0,0,-104,7.75
2026-09-09 12:27:31,2,Supply Bolt Piston [ML],HEARTBEAT,1,0,0,-103,6.75
2026-09-09 12:27:41,2,Supply Bolt Piston [ML],HEARTBEAT,1,0,0,-104,7.25
2026-09-09 12:27:52,2,Supply Bolt Piston [ML],HEARTBEAT,1,0,0,-104,6.5
2026-09-09 12:28:02,2,Supply Bolt Piston [ML],HEARTBEAT,1,0,0,-103,7
2026-09-09 12:28:12,2,Supply Bolt Piston [ML],HEARTBEAT,1,0,0,-103,7.25
2026-09-09 12:28:23,2,Supply Bolt Piston [ML],HEARTBEAT,1,0,0,-102,6.75
2026-09-09 12:28:33,2,Supply Bolt Piston [ML],HEARTBEAT,1,0,0,-103,4.25
2026-09-09 12:28:44,2,Supply Bolt Piston [ML],HEARTBEAT,1,0,0,-104,6.75
2026-09-09 12:28:54,2,Supply Bolt Piston [ML],HEARTBEAT,1,0,0,-104,6.5
2026-09-09 12:29:04,2,Supply Bolt Piston [ML],HEARTBEAT,1,0,0,-104,7.25
2026-09-09 12:29:15,2,Supply Bolt Piston [ML],HEARTBEAT,1,0,0,-103,6.5
2026-09-09 12:29:25,2,Supply Bolt Piston [ML],HEARTBEAT,1,0,0,-102,7
2026-09-09 12:29:36,2,Supply Bolt Piston [ML],HEARTBEAT,1,0,0,-103,6.5
2026-09-09 12:29:46,2,Supply Bolt Piston [ML],HEARTBEAT,1,0,0,-105,7.5
2026-09-09 12:29:57,2,Supply Bolt Piston [ML],HEARTBEAT,1,0,0,-104,6.75
2026-09-09 12:30:07,2,Supply Bolt Piston [ML],HEARTBEAT,1,0,0,-103,6.25
2026-09-09 12:30:17,2,Supply Bolt Piston [ML],HEARTBEAT,1,0,0,-102,6
2026-09-09 12:30:28,2,Supply Bolt Piston [ML],HEARTBEAT,1,0,0,-104,7.5
2026-09-09 12:30:38,2,Supply Bolt Piston [ML],HEARTBEAT,1,0,0,-104,7.25
2026-09-09 12:30:49,2,Supply Bolt Piston [ML],HEARTBEAT,1,0,0,-103,5.5
2026-09-09 12:30:59,2,Supply Bolt Piston [ML],HEARTBEAT,1,0,0,-104,7.75
2026-09-09 12:31:09,2,Supply Bolt Piston [ML],HEARTBEAT,1,0,0,-104,7
2026-09-09 12:31:20,2,Supply Bolt Piston [ML],HEARTBEAT,1,0,0,-104,7.25
2026-09-09 12:31:30,2,Supply Bolt Piston [ML],HEARTBEAT,1,0,0,-103,7
2026-09-09 12:31:41,2,Supply Bolt Piston [ML],HEARTBEAT,1,0,0,-103,6.5
2026-09-09 12:31:51,2,Supply Bolt Piston [ML],HEARTBEAT,1,0,0,-104,7.5
2026-09-09 12:32:01,2,Supply Bolt Piston [ML],HEARTBEAT,1,0,0,-104,6.25
2026-09-09 12:32:12,2,Supply Bolt Piston [ML],HEARTBEAT,1,0,0,-102,5.25
2026-09-09 12:32:22,2,Supply Bolt Piston [ML],HEARTBEAT,1,0,0,-102,6.75
2026-09-09 12:32:33,2,Supply Bolt Piston [ML],HEARTBEAT,1,0,0,-104,7.25
2026-09-09 12:32:43,2,Supply Bolt Piston [ML],HEARTBEAT,1,0,0,-103,6.5
2026-09-09 12:32:53,2,Supply Bolt Piston [ML],HEARTBEAT,1,0,0,-103,5.75
2026-09-09 12:33:04,2,Supply Bolt Piston [ML],HEARTBEAT,1,0,0,-104,6.75
2026-09-09 12:33:14,2,Supply Bolt Piston [ML],HEARTBEAT,1,0,0,-103,7
2026-09-09 12:33:25,2,Supply Bolt Piston [ML],HEARTBEAT,1,0,0,-104,6.75
2026-09-09 12:33:35,2,Supply Bolt Piston [ML],HEARTBEAT,1,0,0,-104,7
2026-09-09 12:33:45,2,Supply Bolt Piston [ML],HEARTBEAT,1,0,0,-104,7.5
2026-09-09 12:33:56,2,Supply Bolt Piston [ML],HEARTBEAT,1,0,0,-103,6
2026-09-09 12:34:06,2,Supply Bolt Piston [ML],HEARTBEAT,1,0,0,-103,6.75
2026-09-09 12:34:17,2,Supply Bolt Piston [ML],HEARTBEAT,1,0,0,-103,7.25
2026-09-09 12:34:27,2,Supply Bolt Piston [ML],HEARTBEAT,1,0,0,-103,7.5
2026-09-09 12:34:37,2,Supply Bolt Piston [ML],HEARTBEAT,1,0,0,-103,7.25
2026-09-09 12:34:48,2,Supply Bolt Piston [ML],HEARTBEAT,1,0,0,-104,4.5
2026-09-09 12:34:58,2,Supply Bolt Piston [ML],HEARTBEAT,1,0,0,-104,7.5
2026-09-09 12:35:09,2,Supply Bolt Piston [ML],HEARTBEAT,1,0,0,-104,6
2026-09-09 12:35:19,2,Supply Bolt Piston [ML],HEARTBEAT,1,0,0,-103,6
2026-09-09 12:35:29,2,Supply Bolt Piston [ML],HEARTBEAT,1,0,0,-104,7.25
2026-09-09 12:35:40,2,Supply Bolt Piston [ML],HEARTBEAT,1,0,0,-105,6.25
2026-09-09 12:35:50,2,Supply Bolt Piston [ML],HEARTBEAT,1,0,0,-103,7.75
2026-09-09 12:36:01,2,Supply Bolt Piston [ML],HEARTBEAT,1,0,0,-104,6.75
2026-09-09 12:36:11,2,Supply Bolt Piston [ML],HEARTBEAT,1,0,0,-104,5.5
2026-09-09 12:36:22,2,Supply Bolt Piston [ML],HEARTBEAT,1,0,0,-105,6.75
2026-09-09 12:36:32,2,Supply Bolt Piston [ML],HEARTBEAT,1,0,0,-105,7
2026-09-09 12:36:42,2,Supply Bolt Piston [ML],HEARTBEAT,1,0,0,-105,6.25
2026-09-09 12:36:53,2,Supply Bolt Piston [ML],HEARTBEAT,1,0,0,-106,6.5
2026-09-09 12:37:03,2,Supply Bolt Piston [ML],HEARTBEAT,1,0,0,-104,6.25
2026-09-09 12:37:14,2,Supply Bolt Piston [ML],HEARTBEAT,1,0,0,-103,6.75
2026-09-09 12:37:24,2,Supply Bolt Piston [ML],HEARTBEAT,1,0,0,-104,6.75
2026-09-09 12:37:34,2,Supply Bolt Piston [ML],HEARTBEAT,1,0,0,-105,6.5
2026-09-09 12:37:45,2,Supply Bolt Piston [ML],HEARTBEAT,1,0,0,-105,5.5
2026-09-09 12:37:55,2,Supply Bolt Piston [ML],HEARTBEAT,1,0,0,-103,7.75
2026-09-09 12:38:06,2,Supply Bolt Piston [ML],HEARTBEAT,1,0,0,-101,3.5
2026-09-09 12:38:16,2,Supply Bolt Piston [ML],HEARTBEAT,1,0,0,-105,6.25
2026-09-09 12:38:26,2,Supply Bolt Piston [ML],HEARTBEAT,1,0,0,-104,7.25
2026-09-09 12:38:37,2,Supply Bolt Piston [ML],HEARTBEAT,1,0,0,-103,7
2026-09-09 12:38:47,2,Supply Bolt Piston [ML],HEARTBEAT,1,0,0,-104,5.5
2026-09-09 12:38:58,2,Supply Bolt Piston [ML],HEARTBEAT,1,0,0,-104,6.25
2026-09-09 12:39:08,2,Supply Bolt Piston [ML],HEARTBEAT,1,0,0,-104,6.5
2026-09-09 12:39:18,2,Supply Bolt Piston [ML],HEARTBEAT,1,0,0,-105,6.25
2026-09-09 12:39:29,2,Supply Bolt Piston [ML],HEARTBEAT,1,0,0,-103,4.25
2026-09-09 12:39:39,2,Supply Bolt Piston [ML],HEARTBEAT,1,0,0,-102,3.25
2026-09-09 12:39:50,2,Supply Bolt Piston [ML],HEARTBEAT,1,0,0,-104,6.75
2026-09-09 12:40:00,2,Supply Bolt Piston [ML],HEARTBEAT,1,0,0,-103,8
2026-09-09 12:40:10,2,Supply Bolt Piston [ML],HEARTBEAT,1,0,0,-103,8
2026-09-09 12:40:21,2,Supply Bolt Piston [ML],HEARTBEAT,1,0,0,-104,6.75
2026-09-09 12:40:31,2,Supply Bolt Piston [ML],HEARTBEAT,1,0,0,-102,6.5
2026-09-09 12:40:42,2,Supply Bolt Piston [ML],HEARTBEAT,1,0,0,-103,6.5
2026-09-09 12:40:52,2,Supply Bolt Piston [ML],HEARTBEAT,1,0,0,-105,6.25
2026-09-09 12:41:02,2,Supply Bolt Piston [ML],HEARTBEAT,1,0,0,-102,8.25
2026-09-09 12:41:13,2,Supply Bolt Piston [ML],HEARTBEAT,1,0,0,-102,8
2026-09-09 12:41:23,2,Supply Bolt Piston [ML],HEARTBEAT,1,0,0,-102,7.5
2026-09-09 12:41:34,2,Supply Bolt Piston [ML],HEARTBEAT,1,0,0,-102,7.5
2026-09-09 12:41:44,2,Supply Bolt Piston [ML],HEARTBEAT,1,0,0,-103,7
2026-09-09 12:41:54,2,Supply Bolt Piston [ML],HEARTBEAT,1,0,0,-103,7.5
2026-09-09 12:42:05,2,Supply Bolt Piston [ML],HEARTBEAT,1,0,0,-105,6.25
2026-09-09 12:42:15,2,Supply Bolt Piston [ML],HEARTBEAT,1,0,0,-105,5
2026-09-09 12:42:26,2,Supply Bolt Piston [ML],HEARTBEAT,1,0,0,-105,5.75
2026-09-09 12:42:36,2,Supply Bolt Piston [ML],HEARTBEAT,1,0,0,-108,5
2026-09-09 12:42:46,2,Supply Bolt Piston [ML],HEARTBEAT,1,0,0,-104,7
2026-09-09 12:42:57,2,Supply Bolt Piston [ML],HEARTBEAT,1,0,0,-104,7.5
2026-09-09 12:43:07,2,Supply Bolt Piston [ML],HEARTBEAT,1,0,0,-99,6.25
2026-09-09 12:43:18,2,Supply Bolt Piston [ML],HEARTBEAT,1,0,0,-102,5.75
2026-09-09 12:43:28,2,Supply Bolt Piston [ML],HEARTBEAT,1,0,0,-103,6.5
2026-09-09 12:43:39,2,Supply Bolt Piston [ML],HEARTBEAT,1,0,0,-103,7.25
2026-09-09 12:43:49,2,Supply Bolt Piston [ML],HEARTBEAT,1,0,0,-104,6.5
2026-09-09 12:43:59,2,Supply Bolt Piston [ML],HEARTBEAT,1,0,0,-101,6.5
2026-09-09 12:44:10,2,Supply Bolt Piston [ML],HEARTBEAT,1,0,0,-109,3.75
2026-09-09 12:44:20,2,Supply Bolt Piston [ML],HEARTBEAT,1,0,0,-103,6.75
2026-09-09 12:44:31,2,Supply Bolt Piston [ML],HEARTBEAT,1,0,0,-106,6.75
2026-09-09 12:44:41,2,Supply Bolt Piston [ML],HEARTBEAT,1,0,0,-106,6.25
2026-09-09 12:44:51,2,Supply Bolt Piston [ML],HEARTBEAT,1,0,0,-106,6
2026-09-09 12:45:12,2,Supply Bolt Piston [ML],HEARTBEAT,1,0,0,-104,6.75
2026-09-09 12:45:23,2,Supply Bolt Piston [ML],HEARTBEAT,1,0,0,-107,4.25
2026-09-09 12:45:33,2,Supply Bolt Piston [ML],HEARTBEAT,1,0,0,-109,3.75
2026-09-09 12:45:43,2,Supply Bolt Piston [ML],HEARTBEAT,1,0,0,-106,4
2026-09-09 12:45:54,2,Supply Bolt Piston [ML],HEARTBEAT,1,0,0,-112,0.25
2026-09-09 12:46:04,2,Supply Bolt Piston [ML],HEARTBEAT,1,0,0,-106,5.25
2026-09-09 12:46:15,2,Supply Bolt Piston [ML],HEARTBEAT,1,0,0,-104,2
2026-09-09 12:46:25,2,Supply Bolt Piston [ML],HEARTBEAT,1,0,0,-106,6
2026-09-09 12:46:35,2,Supply Bolt Piston [ML],HEARTBEAT,1,0,0,-107,5.75
2026-09-09 12:46:46,2,Supply Bolt Piston [ML],HEARTBEAT,1,0,0,-104,7.25
2026-09-09 12:46:56,2,Supply Bolt Piston [ML],HEARTBEAT,1,0,0,-105,7
2026-09-09 12:47:07,2,Supply Bolt Piston [ML],HEARTBEAT,1,0,0,-104,6
2026-09-09 12:47:17,2,Supply Bolt Piston [ML],HEARTBEAT,1,0,0,-108,5.25
2026-09-09 12:47:38,2,Supply Bolt Piston [ML],HEARTBEAT,1,0,0,-107,4.75
2026-09-09 12:47:48,2,Supply Bolt Piston [ML],HEARTBEAT,1,0,0,-105,3.75
2026-09-09 12:47:59,2,Supply Bolt Piston [ML],HEARTBEAT,1,0,0,-105,5
2026-09-09 12:48:09,2,Supply Bolt Piston [ML],HEARTBEAT,1,0,0,-105,6.5
2026-09-09 12:48:19,2,Supply Bolt Piston [ML],HEARTBEAT,1,0,0,-103,5.5
2026-09-09 12:48:30,2,Supply Bolt Piston [ML],HEARTBEAT,1,0,0,-107,5.5
2026-09-09 12:48:40,2,Supply Bolt Piston [ML],HEARTBEAT,1,0,0,-107,5
2026-09-09 12:48:51,2,Supply Bolt Piston [ML],HEARTBEAT,1,0,0,-108,4.5
2026-09-09 12:49:01,2,Supply Bolt Piston [ML],HEARTBEAT,1,0,0,-105,6.75
2026-09-09 12:49:11,2,Supply Bolt Piston [ML],HEARTBEAT,1,0,0,-108,5
2026-09-09 12:49:22,2,Supply Bolt Piston [ML],HEARTBEAT,1,0,0,-109,3.5
2026-09-09 12:49:32,2,Supply Bolt Piston [ML],HEARTBEAT,1,0,0,-104,5.5
2026-09-09 12:49:43,2,Supply Bolt Piston [ML],HEARTBEAT,1,0,0,-106,5.5
2026-09-09 12:49:53,2,Supply Bolt Piston [ML],HEARTBEAT,1,0,0,-104,4.5
2026-09-09 12:50:03,2,Supply Bolt Piston [ML],HEARTBEAT,1,0,0,-106,5.5
2026-09-09 12:50:14,2,Supply Bolt Piston [ML],HEARTBEAT,1,0,0,-106,2
2026-09-09 12:50:24,2,Supply Bolt Piston [ML],HEARTBEAT,1,0,0,-108,4.75
2026-09-09 12:50:35,2,Supply Bolt Piston [ML],HEARTBEAT,1,0,0,-109,4.25
2026-09-09 12:50:45,2,Supply Bolt Piston [ML],HEARTBEAT,1,0,0,-106,4.25
2026-09-09 12:50:56,2,Supply Bolt Piston [ML],HEARTBEAT,1,0,0,-105,6
2026-09-09 12:51:06,2,Supply Bolt Piston [ML],HEARTBEAT,1,0,0,-106,4.25
2026-09-09 12:51:16,2,Supply Bolt Piston [ML],HEARTBEAT,1,0,0,-106,4
2026-09-09 12:51:27,2,Supply Bolt Piston [ML],HEARTBEAT,1,0,0,-109,4
2026-09-09 12:51:37,2,Supply Bolt Piston [ML],HEARTBEAT,1,0,0,-111,-1.75
2026-09-09 12:51:48,2,Supply Bolt Piston [ML],HEARTBEAT,1,0,0,-107,3.75
2026-09-09 12:51:58,2,Supply Bolt Piston [ML],HEARTBEAT,1,0,0,-110,3.5
2026-09-09 12:52:08,2,Supply Bolt Piston [ML],HEARTBEAT,1,0,0,-106,6.5
2026-09-09 12:52:19,2,Supply Bolt Piston [ML],HEARTBEAT,1,0,0,-102,8
2026-09-09 12:52:29,2,Supply Bolt Piston [ML],HEARTBEAT,1,0,0,-103,7.25
2026-09-09 12:52:40,2,Supply Bolt Piston [ML],HEARTBEAT,1,0,0,-106,5.75
2026-09-09 12:53:00,2,Supply Bolt Piston [ML],HEARTBEAT,1,0,0,-105,4
2026-09-09 12:53:11,2,Supply Bolt Piston [ML],HEARTBEAT,1,0,0,-105,6.5
2026-09-09 12:53:21,2,Supply Bolt Piston [ML],HEARTBEAT,1,0,0,-106,6.25
2026-09-09 12:53:32,2,Supply Bolt Piston [ML],HEARTBEAT,1,0,0,-104,5.75
2026-09-09 12:53:42,2,Supply Bolt Piston [ML],HEARTBEAT,1,0,0,-108,3.5
2026-09-09 12:53:52,2,Supply Bolt Piston [ML],HEARTBEAT,1,0,0,-106,6.75
2026-09-09 12:54:03,2,Supply Bolt Piston [ML],HEARTBEAT,1,0,0,-105,6.25
2026-09-09 12:54:13,2,Supply Bolt Piston [ML],HEARTBEAT,1,0,0,-104,6.5
2026-09-09 12:54:24,2,Supply Bolt Piston [ML],HEARTBEAT,1,0,0,-105,6
2026-09-09 12:54:34,2,Supply Bolt Piston [ML],HEARTBEAT,1,0,0,-107,5
2026-09-09 12:54:44,2,Supply Bolt Piston [ML],HEARTBEAT,1,0,0,-107,5.75
2026-09-09 12:54:55,2,Supply Bolt Piston [ML],HEARTBEAT,1,0,0,-106,3.25
2026-09-09 12:55:05,2,Supply Bolt Piston [ML],HEARTBEAT,1,0,0,-102,6.5
2026-09-09 12:55:16,2,Supply Bolt Piston [ML],HEARTBEAT,1,0,0,-106,4.5
2026-09-09 12:55:26,2,Supply Bolt Piston [ML],HEARTBEAT,1,0,0,-109,3.5
2026-09-09 12:55:36,2,Supply Bolt Piston [ML],HEARTBEAT,1,0,0,-106,5.75
2026-09-09 12:55:47,2,Supply Bolt Piston [ML],HEARTBEAT,1,0,0,-104,6.75
2026-09-09 12:55:57,2,Supply Bolt Piston [ML],HEARTBEAT,1,0,0,-107,4.5
2026-09-09 12:56:08,2,Supply Bolt Piston [ML],HEARTBEAT,1,0,0,-101,5.25
2026-09-09 12:56:18,2,Supply Bolt Piston [ML],HEARTBEAT,1,0,0,-106,5.5
2026-09-09 12:56:28,2,Supply Bolt Piston [ML],HEARTBEAT,1,0,0,-107,6
2026-09-09 12:56:39,2,Supply Bolt Piston [ML],HEARTBEAT,1,0,0,-110,2.5
2026-09-09 12:56:49,2,Supply Bolt Piston [ML],HEARTBEAT,1,0,0,-107,3.25
2026-09-09 12:57:00,2,Supply Bolt Piston [ML],HEARTBEAT,1,0,0,-109,3
2026-09-09 12:57:10,2,Supply Bolt Piston [ML],HEARTBEAT,1,0,0,-109,2.75
2026-09-09 12:57:21,2,Supply Bolt Piston [ML],HEARTBEAT,1,0,0,-109,4
2026-09-09 12:57:31,2,Supply Bolt Piston [ML],HEARTBEAT,1,0,0,-108,4.5
2026-09-09 12:57:41,2,Supply Bolt Piston [ML],HEARTBEAT,1,0,0,-109,2.75
2026-09-09 12:57:52,2,Supply Bolt Piston [ML],HEARTBEAT,1,0,0,-114,-0.75
2026-09-09 12:58:02,2,Supply Bolt Piston [ML],HEARTBEAT,1,0,0,-109,3.25
2026-09-09 12:58:13,2,Supply Bolt Piston [ML],HEARTBEAT,1,0,0,-110,2.75
2026-09-09 12:58:23,2,Supply Bolt Piston [ML],HEARTBEAT,1,0,0,-106,4.5
2026-09-09 12:58:33,2,Supply Bolt Piston [ML],HEARTBEAT,1,0,0,-105,3.75
2026-09-09 12:58:44,2,Supply Bolt Piston [ML],HEARTBEAT,1,0,0,-107,4.75
2026-09-09 12:58:54,2,Supply Bolt Piston [ML],HEARTBEAT,1,0,0,-110,3
2026-09-09 12:59:05,2,Supply Bolt Piston [ML],HEARTBEAT,1,0,0,-104,4
2026-09-09 12:59:15,2,Supply Bolt Piston [ML],HEARTBEAT,1,0,0,-108,3
2026-09-09 12:59:25,2,Supply Bolt Piston [ML],HEARTBEAT,1,0,0,-105,5
2026-09-09 12:59:36,2,Supply Bolt Piston [ML],HEARTBEAT,1,0,0,-106,6.75
2026-09-09 12:59:46,2,Supply Bolt Piston [ML],HEARTBEAT,1,0,0,-106,6.25
2026-09-09 12:59:57,2,Supply Bolt Piston [ML],HEARTBEAT,1,0,0,-105,5
2026-09-09 13:00:07,2,Supply Bolt Piston [ML],HEARTBEAT,1,0,0,-107,4.75
2026-09-09 13:00:17,2,Supply Bolt Piston [ML],HEARTBEAT,1,0,0,-103,7.5
2026-09-09 13:00:28,2,Supply Bolt Piston [ML],HEARTBEAT,1,0,0,-106,6.25
2026-09-09 13:00:38,2,Supply Bolt Piston [ML],HEARTBEAT,1,0,0,-104,6.75
2026-09-09 13:00:49,2,Supply Bolt Piston [ML],HEARTBEAT,1,0,0,-107,4.75
2026-09-09 13:00:59,2,Supply Bolt Piston [ML],HEARTBEAT,1,0,0,-108,3.25
2026-09-09 13:01:09,2,Supply Bolt Piston [ML],HEARTBEAT,1,0,0,-110,2.5
2026-09-09 13:01:20,2,Supply Bolt Piston [ML],HEARTBEAT,1,0,0,-110,0.75
2026-09-09 13:01:30,2,Supply Bolt Piston [ML],HEARTBEAT,1,0,0,-106,5
2026-09-09 13:01:41,2,Supply Bolt Piston [ML],HEARTBEAT,1,0,0,-105,5
2026-09-09 13:01:51,2,Supply Bolt Piston [ML],HEARTBEAT,1,0,0,-106,5.5
2026-09-09 13:02:01,2,Supply Bolt Piston [ML],HEARTBEAT,1,0,0,-109,4.25
2026-09-09 13:02:12,2,Supply Bolt Piston [ML],HEARTBEAT,1,0,0,-110,3
2026-09-09 13:02:22,2,Supply Bolt Piston [ML],HEARTBEAT,1,0,0,-109,2.25
2026-09-09 13:02:33,2,Supply Bolt Piston [ML],HEARTBEAT,1,0,0,-107,3.25
2026-09-09 13:02:43,2,Supply Bolt Piston [ML],HEARTBEAT,1,0,0,-109,2
2026-09-09 13:02:53,2,Supply Bolt Piston [ML],HEARTBEAT,1,0,0,-108,4.5
2026-09-09 13:03:04,2,Supply Bolt Piston [ML],HEARTBEAT,1,0,0,-105,5
2026-09-09 13:03:14,2,Supply Bolt Piston [ML],HEARTBEAT,1,0,0,-108,4
2026-09-09 13:03:25,2,Supply Bolt Piston [ML],HEARTBEAT,1,0,0,-108,4.5
2026-09-09 13:03:35,2,Supply Bolt Piston [ML],HEARTBEAT,1,0,0,-104,6.25
2026-09-09 13:03:45,2,Supply Bolt Piston [ML],HEARTBEAT,1,0,0,-104,7.5
2026-09-09 13:03:56,2,Supply Bolt Piston [ML],HEARTBEAT,1,0,0,-98,7
2026-09-09 13:04:06,2,Supply Bolt Piston [ML],HEARTBEAT,1,0,0,-102,7.75
2026-09-09 13:04:17,2,Supply Bolt Piston [ML],HEARTBEAT,1,0,0,-103,8.25
2026-09-09 13:04:27,2,Supply Bolt Piston [ML],HEARTBEAT,1,0,0,-102,7
2026-09-09 13:04:38,2,Supply Bolt Piston [ML],HEARTBEAT,1,0,0,-103,7.25
2026-09-09 13:04:48,2,Supply Bolt Piston [ML],HEARTBEAT,1,0,0,-106,6
2026-09-09 13:04:58,2,Supply Bolt Piston [ML],HEARTBEAT,1,0,0,-102,8.5
2026-09-09 13:05:09,2,Supply Bolt Piston [ML],HEARTBEAT,1,0,0,-102,8.25
2026-09-09 13:05:19,2,Supply Bolt Piston [ML],HEARTBEAT,1,0,0,-102,6.75
2026-09-09 13:05:30,2,Supply Bolt Piston [ML],HEARTBEAT,1,0,0,-102,6.25
2026-09-09 13:05:40,2,Supply Bolt Piston [ML],HEARTBEAT,1,0,0,-100,8.5
2026-09-09 13:05:50,2,Supply Bolt Piston [ML],HEARTBEAT,1,0,0,-103,8
2026-09-09 13:06:01,2,Supply Bolt Piston [ML],HEARTBEAT,1,0,0,-105,6.75
2026-09-09 13:06:11,2,Supply Bolt Piston [ML],HEARTBEAT,1,0,0,-102,8
2026-09-09 13:06:22,2,Supply Bolt Piston [ML],HEARTBEAT,1,0,0,-108,4.5
2026-09-09 13:06:32,2,Supply Bolt Piston [ML],HEARTBEAT,1,0,0,-104,5.5
2026-09-09 13:06:42,2,Supply Bolt Piston [ML],HEARTBEAT,1,0,0,-103,7.5
2026-09-09 13:06:53,2,Supply Bolt Piston [ML],HEARTBEAT,1,0,0,-101,8
2026-09-09 13:07:03,2,Supply Bolt Piston [ML],HEARTBEAT,1,0,0,-105,5.75
2026-09-09 13:07:14,2,Supply Bolt Piston [ML],HEARTBEAT,1,0,0,-104,7.25
2026-09-09 13:07:24,2,Supply Bolt Piston [ML],HEARTBEAT,1,0,0,-104,6.5
2026-09-09 13:07:34,2,Supply Bolt Piston [ML],HEARTBEAT,1,0,0,-106,6.5
2026-09-09 13:07:45,2,Supply Bolt Piston [ML],HEARTBEAT,1,0,0,-106,5.5
2026-09-09 13:07:55,2,Supply Bolt Piston [ML],HEARTBEAT,1,0,0,-109,1.5
2026-09-09 13:08:06,2,Supply Bolt Piston [ML],HEARTBEAT,1,0,0,-105,4.5
2026-09-09 13:08:16,2,Supply Bolt Piston [ML],HEARTBEAT,1,0,0,-106,6.25
2026-09-09 13:08:26,2,Supply Bolt Piston [ML],HEARTBEAT,1,0,0,-105,6.5
2026-09-09 13:08:37,2,Supply Bolt Piston [ML],HEARTBEAT,1,0,0,-103,6.75
2026-09-09 13:08:47,2,Supply Bolt Piston [ML],HEARTBEAT,1,0,0,-112,1.5
2026-09-09 13:08:58,2,Supply Bolt Piston [ML],HEARTBEAT,1,0,0,-104,6.25
2026-09-09 13:09:08,2,Supply Bolt Piston [ML],HEARTBEAT,1,0,0,-105,6.75
2026-09-09 13:09:18,2,Supply Bolt Piston [ML],HEARTBEAT,1,0,0,-100,6.75
2026-09-09 13:09:29,2,Supply Bolt Piston [ML],HEARTBEAT,1,0,0,-104,7
2026-09-09 13:09:39,2,Supply Bolt Piston [ML],HEARTBEAT,1,0,0,-106,2.5
2026-09-09 13:09:50,2,Supply Bolt Piston [ML],HEARTBEAT,1,0,0,-104,6.75
2026-09-09 13:10:00,2,Supply Bolt Piston [ML],HEARTBEAT,1,0,0,-105,7
2026-09-09 13:10:10,2,Supply Bolt Piston [ML],HEARTBEAT,1,0,0,-104,4.75
2026-09-09 13:10:21,2,Supply Bolt Piston [ML],HEARTBEAT,1,0,0,-104,6.5
2026-09-09 13:10:31,2,Supply Bolt Piston [ML],HEARTBEAT,1,0,0,-103,7.5
2026-09-09 13:10:42,2,Supply Bolt Piston [ML],HEARTBEAT,1,0,0,-107,5
2026-09-09 13:10:52,2,Supply Bolt Piston [ML],HEARTBEAT,1,0,0,-105,5
2026-09-09 13:11:02,2,Supply Bolt Piston [ML],HEARTBEAT,1,0,0,-105,6.25
2026-09-09 13:11:13,2,Supply Bolt Piston [ML],HEARTBEAT,1,0,0,-103,7
2026-09-09 13:11:23,2,Supply Bolt Piston [ML],HEARTBEAT,1,0,0,-105,5.75
2026-09-09 13:11:34,2,Supply Bolt Piston [ML],HEARTBEAT,1,0,0,-103,8
2026-09-09 13:11:44,2,Supply Bolt Piston [ML],HEARTBEAT,1,0,0,-113,0.5
2026-09-09 13:11:55,2,Supply Bolt Piston [ML],HEARTBEAT,1,0,0,-115,-1.75
2026-09-09 13:12:05,2,Supply Bolt Piston [ML],HEARTBEAT,1,0,0,-106,5.25
2026-09-09 13:12:15,2,Supply Bolt Piston [ML],HEARTBEAT,1,0,0,-106,6
2026-09-09 13:12:26,2,Supply Bolt Piston [ML],HEARTBEAT,1,0,0,-103,6.5
2026-09-09 13:12:36,2,Supply Bolt Piston [ML],HEARTBEAT,1,0,0,-115,-1.75
2026-09-09 13:12:47,2,Supply Bolt Piston [ML],HEARTBEAT,1,0,0,-105,7.25
2026-09-09 13:12:57,2,Supply Bolt Piston [ML],HEARTBEAT,1,0,0,-106,5.75
2026-09-09 13:13:07,2,Supply Bolt Piston [ML],HEARTBEAT,1,0,0,-105,6
2026-09-09 13:13:18,2,Supply Bolt Piston [ML],HEARTBEAT,1,0,0,-109,4.25
2026-09-09 13:13:28,2,Supply Bolt Piston [ML],HEARTBEAT,1,0,0,-108,5
2026-09-09 13:13:39,2,Supply Bolt Piston [ML],HEARTBEAT,1,0,0,-105,7
2026-09-09 13:13:49,2,Supply Bolt Piston [ML],HEARTBEAT,1,0,0,-104,4.25
2026-09-09 13:13:59,2,Supply Bolt Piston [ML],HEARTBEAT,1,0,0,-105,6.5
2026-09-09 13:14:10,2,Supply Bolt Piston [ML],HEARTBEAT,1,0,0,-102,5.75
2026-09-09 13:14:20,2,Supply Bolt Piston [ML],HEARTBEAT,1,0,0,-103,7.25
2026-09-09 13:14:31,2,Supply Bolt Piston [ML],HEARTBEAT,1,0,0,-104,1.25
2026-09-09 13:14:41,2,Supply Bolt Piston [ML],HEARTBEAT,1,0,0,-104,6.5
2026-09-09 13:14:51,2,Supply Bolt Piston [ML],HEARTBEAT,1,0,0,-113,0.25
2026-09-09 13:15:02,2,Supply Bolt Piston [ML],HEARTBEAT,1,0,0,-113,0.75
2026-09-09 13:15:12,2,Supply Bolt Piston [ML],HEARTBEAT,1,0,0,-112,-0.25
2026-09-09 13:15:23,2,Supply Bolt Piston [ML],HEARTBEAT,1,0,0,-111,2
2026-09-09 13:15:33,2,Supply Bolt Piston [ML],HEARTBEAT,1,0,0,-119,-5.5
2026-09-09 13:15:43,2,Supply Bolt Piston [ML],HEARTBEAT,1,0,0,-114,-1
2026-09-09 13:15:54,2,Supply Bolt Piston [ML],HEARTBEAT,1,0,0,-116,-2
2026-09-09 13:16:04,2,Supply Bolt Piston [ML],HEARTBEAT,1,0,0,-118,-7.25
2026-09-09 13:16:25,2,Supply Bolt Piston [ML],HEARTBEAT,1,0,0,-111,0.5
2026-09-09 13:16:46,2,Supply Bolt Piston [ML],HEARTBEAT,1,0,0,-117,-5.5
2026-09-09 13:17:07,2,Supply Bolt Piston [ML],HEARTBEAT,1,0,0,-111,1.75
2026-09-09 13:17:17,2,Supply Bolt Piston [ML],HEARTBEAT,1,0,0,-111,0.75
2026-09-09 13:17:27,2,Supply Bolt Piston [ML],HEARTBEAT,1,0,0,-114,-1.25
2026-09-09 13:17:38,2,Supply Bolt Piston [ML],HEARTBEAT,1,0,0,-115,-3
2026-09-09 13:17:48,2,Supply Bolt Piston [ML],HEARTBEAT,1,0,0,-115,-3.25
2026-09-09 13:17:59,2,Supply Bolt Piston [ML],HEARTBEAT,1,0,0,-104,6.25
2026-09-09 13:18:09,2,Supply Bolt Piston [ML],HEARTBEAT,1,0,0,-114,-0.25
2026-09-09 13:18:19,2,Supply Bolt Piston [ML],HEARTBEAT,1,0,0,-108,3
